Supplementary Table 5: Associations of somatic mutations in 608 protein coding genes with VTE. Results from minimally adjusted and fully adjusted Cox PH regressions. Genes are ranked in order of P value in minadj regressions. Genes with FDR-P < 0.1 in the minimally adjusted analyses are highlighted blue. Genes with P<0.05 in both minimal and fully adjusted analyses are highlighted grey. ,,,,,,,,,,,,,
,,Minimally adjusted models (adjusted for age + sex + PC1-4),,,,,,Fully' adjusted models (adjusted for age + sex + PC1-4 + tumour type + stage + treatment),,,,,
gene,gene_ID,HR_minadj,l95ci_minadj,u95ci_minadj,pval_minadj,fdr_p,model_covars_minadj,HR_fulladj,l95ci_fulladj,u95ci_fulladj,pval_fulladj,model_covars_fulladj,previously_reported_VTE_locus (references listed in main text)
TP53,ENSG00000141510,1.55,1.38,1.73,1.25e-13,<0.0001,TP53 + age_study_entry + sex + pc1-4,1.17,1.03,1.33,1.63e-02,TP53 + age_study_entry + sex + pc1-4 + disease_type + stage_grouped + sact_over6weeks_before_studyentry + current_sact,"previosly reported somatic VTE locus in cancer studies (Jee et al, 2024; Ma et al, 2024)"
PCDH15,ENSG00000150275,1.48,1.24,1.76,9.44e-06,0.0029,PCDH15 + age_study_entry + sex + pc1-4,1.42,1.19,1.69,9.27e-05,PCDH15 + age_study_entry + sex + pc1-4 + disease_type + stage_grouped + sact_over6weeks_before_studyentry + current_sact,NA
CDKN2A,ENSG00000147889,1.62,1.23,2.13,5.57e-04,0.0944,CDKN2A + age_study_entry + sex + pc1-4,1.40,1.06,1.86,1.94e-02,CDKN2A + age_study_entry + sex + pc1-4 + disease_type + stage_grouped + sact_over6weeks_before_studyentry + current_sact,"previosly reported somatic VTE locus in cancer studies (Jee et al, 2024; Ma et al, 2024)"
KRAS,ENSG00000133703,1.31,1.12,1.53,6.21e-04,0.0944,KRAS + age_study_entry + sex + pc1-4,1.19,1.00,1.42,4.58e-02,KRAS + age_study_entry + sex + pc1-4 + disease_type + stage_grouped + sact_over6weeks_before_studyentry + current_sact,"previously reported somatic VTE locus in cancer studies  (Jee et al, 2024; Ma et al, 2024, Dunbar et al, 2021)"
FHIT,ENSG00000189283,1.35,1.12,1.63,1.66e-03,0.1279,FHIT + age_study_entry + sex + pc1-4,1.28,1.06,1.56,1.23e-02,FHIT + age_study_entry + sex + pc1-4 + disease_type + stage_grouped + sact_over6weeks_before_studyentry + current_sact,NA
DOCK3,ENSG00000088538,0.61,0.45,0.83,1.68e-03,0.1279,DOCK3 + age_study_entry + sex + pc1-4,0.66,0.48,0.90,7.96e-03,DOCK3 + age_study_entry + sex + pc1-4 + disease_type + stage_grouped + sact_over6weeks_before_studyentry + current_sact,NA
CDH1,ENSG00000039068,0.56,0.39,0.81,1.88e-03,0.1279,CDH1 + age_study_entry + sex + pc1-4,0.69,0.48,1.01,5.56e-02,CDH1 + age_study_entry + sex + pc1-4 + disease_type + stage_grouped + sact_over6weeks_before_studyentry + current_sact,NA
ACVR2A,ENSG00000121989,0.60,0.44,0.83,2.19e-03,0.1279,ACVR2A + age_study_entry + sex + pc1-4,0.70,0.50,0.98,3.75e-02,ACVR2A + age_study_entry + sex + pc1-4 + disease_type + stage_grouped + sact_over6weeks_before_studyentry + current_sact,NA
ATG9B,ENSG00000181652,0.72,0.58,0.89,2.39e-03,0.1279,ATG9B + age_study_entry + sex + pc1-4,0.73,0.59,0.91,4.47e-03,ATG9B + age_study_entry + sex + pc1-4 + disease_type + stage_grouped + sact_over6weeks_before_studyentry + current_sact,NA
NF2,ENSG00000186575,1.85,1.24,2.75,2.42e-03,0.1279,NF2 + age_study_entry + sex + pc1-4,1.52,1.02,2.27,3.84e-02,NF2 + age_study_entry + sex + pc1-4 + disease_type + stage_grouped + sact_over6weeks_before_studyentry + current_sact,NA
CCDC168,ENSG00000175820,0.62,0.45,0.84,2.45e-03,0.1279,CCDC168 + age_study_entry + sex + pc1-4,0.68,0.50,0.94,1.95e-02,CCDC168 + age_study_entry + sex + pc1-4 + disease_type + stage_grouped + sact_over6weeks_before_studyentry + current_sact,NA
ABI1,ENSG00000136754,2.19,1.32,3.65,2.52e-03,0.1279,ABI1 + age_study_entry + sex + pc1-4,1.70,1.02,2.84,4.17e-02,ABI1 + age_study_entry + sex + pc1-4 + disease_type + stage_grouped + sact_over6weeks_before_studyentry + current_sact,NA
NPM1,ENSG00000181163,2.19,1.29,3.71,3.53e-03,0.1613,NPM1 + age_study_entry + sex + pc1-4,2.51,1.46,4.32,8.96e-04,NPM1 + age_study_entry + sex + pc1-4 + disease_type + stage_grouped + sact_over6weeks_before_studyentry + current_sact,NA
KMT2A,ENSG00000118058,0.51,0.32,0.80,3.76e-03,0.1613,KMT2A + age_study_entry + sex + pc1-4,0.54,0.34,0.85,7.38e-03,KMT2A + age_study_entry + sex + pc1-4 + disease_type + stage_grouped + sact_over6weeks_before_studyentry + current_sact,NA
YAP1,ENSG00000137693,2.06,1.26,3.38,3.99e-03,0.1613,YAP1 + age_study_entry + sex + pc1-4,1.79,1.09,2.94,2.16e-02,YAP1 + age_study_entry + sex + pc1-4 + disease_type + stage_grouped + sact_over6weeks_before_studyentry + current_sact,NA
SEC31A,ENSG00000138674,0.57,0.39,0.84,4.24e-03,0.1613,SEC31A + age_study_entry + sex + pc1-4,0.64,0.43,0.94,2.43e-02,SEC31A + age_study_entry + sex + pc1-4 + disease_type + stage_grouped + sact_over6weeks_before_studyentry + current_sact,"previously reported germline VTE locus in GWAS studies (Thibord et al, 2022)"
MAP2K1,ENSG00000169032,2.00,1.24,3.22,4.74e-03,0.1694,MAP2K1 + age_study_entry + sex + pc1-4,1.71,1.06,2.77,2.86e-02,MAP2K1 + age_study_entry + sex + pc1-4 + disease_type + stage_grouped + sact_over6weeks_before_studyentry + current_sact,NA
TPTE,ENSG00000274391,0.78,0.65,0.93,5.68e-03,0.1897,TPTE + age_study_entry + sex + pc1-4,0.82,0.69,0.98,2.99e-02,TPTE + age_study_entry + sex + pc1-4 + disease_type + stage_grouped + sact_over6weeks_before_studyentry + current_sact,NA
RPL22,ENSG00000116251,0.63,0.45,0.87,5.93e-03,0.1897,RPL22 + age_study_entry + sex + pc1-4,0.73,0.52,1.03,7.41e-02,RPL22 + age_study_entry + sex + pc1-4 + disease_type + stage_grouped + sact_over6weeks_before_studyentry + current_sact,NA
MYH11,ENSG00000133392,0.59,0.40,0.87,7.29e-03,0.2169,MYH11 + age_study_entry + sex + pc1-4,0.65,0.44,0.95,2.63e-02,MYH11 + age_study_entry + sex + pc1-4 + disease_type + stage_grouped + sact_over6weeks_before_studyentry + current_sact,NA
IMMP2L,ENSG00000184903,1.33,1.08,1.65,7.49e-03,0.2169,IMMP2L + age_study_entry + sex + pc1-4,1.21,0.98,1.50,7.84e-02,IMMP2L + age_study_entry + sex + pc1-4 + disease_type + stage_grouped + sact_over6weeks_before_studyentry + current_sact,NA
TC2N,ENSG00000165929,2.09,1.21,3.61,8.35e-03,0.2308,TC2N + age_study_entry + sex + pc1-4,1.97,1.14,3.40,1.57e-02,TC2N + age_study_entry + sex + pc1-4 + disease_type + stage_grouped + sact_over6weeks_before_studyentry + current_sact,"previously reported germline VTE locus in GWAS studies (Thibord et al, 2022)"
CCDC88B,ENSG00000168071,0.77,0.63,0.94,9.26e-03,0.2347,CCDC88B + age_study_entry + sex + pc1-4,0.80,0.66,0.98,3.52e-02,CCDC88B + age_study_entry + sex + pc1-4 + disease_type + stage_grouped + sact_over6weeks_before_studyentry + current_sact,NA
ZFHX3,ENSG00000140836,0.65,0.48,0.90,9.30e-03,0.2347,ZFHX3 + age_study_entry + sex + pc1-4,0.70,0.50,0.97,3.06e-02,ZFHX3 + age_study_entry + sex + pc1-4 + disease_type + stage_grouped + sact_over6weeks_before_studyentry + current_sact,NA
GRTP1,ENSG00000139835,0.77,0.63,0.94,9.65e-03,0.2347,GRTP1 + age_study_entry + sex + pc1-4,0.80,0.65,0.97,2.61e-02,GRTP1 + age_study_entry + sex + pc1-4 + disease_type + stage_grouped + sact_over6weeks_before_studyentry + current_sact,NA
CCSER1,ENSG00000184305,1.31,1.06,1.61,1.12e-02,0.2422,CCSER1 + age_study_entry + sex + pc1-4,1.16,0.94,1.44,1.54e-01,CCSER1 + age_study_entry + sex + pc1-4 + disease_type + stage_grouped + sact_over6weeks_before_studyentry + current_sact,NA
XPC,ENSG00000154767,2.02,1.17,3.49,1.19e-02,0.2422,XPC + age_study_entry + sex + pc1-4,2.02,1.17,3.51,1.19e-02,XPC + age_study_entry + sex + pc1-4 + disease_type + stage_grouped + sact_over6weeks_before_studyentry + current_sact,NA
PBRM1,ENSG00000163939,0.72,0.56,0.93,1.21e-02,0.2422,PBRM1 + age_study_entry + sex + pc1-4,0.79,0.60,1.05,1.00e-01,PBRM1 + age_study_entry + sex + pc1-4 + disease_type + stage_grouped + sact_over6weeks_before_studyentry + current_sact,NA
AUTS2,ENSG00000158321,1.35,1.07,1.70,1.21e-02,0.2422,AUTS2 + age_study_entry + sex + pc1-4,1.20,0.95,1.52,1.22e-01,AUTS2 + age_study_entry + sex + pc1-4 + disease_type + stage_grouped + sact_over6weeks_before_studyentry + current_sact,NA
MGMT,ENSG00000170430,1.84,1.14,2.97,1.27e-02,0.2422,MGMT + age_study_entry + sex + pc1-4,1.85,1.14,2.99,1.20e-02,MGMT + age_study_entry + sex + pc1-4 + disease_type + stage_grouped + sact_over6weeks_before_studyentry + current_sact,NA
TBX3,ENSG00000135111,0.53,0.33,0.87,1.27e-02,0.2422,TBX3 + age_study_entry + sex + pc1-4,0.63,0.38,1.03,6.56e-02,TBX3 + age_study_entry + sex + pc1-4 + disease_type + stage_grouped + sact_over6weeks_before_studyentry + current_sact,NA
BAX,ENSG00000087088,0.53,0.33,0.87,1.27e-02,0.2422,BAX + age_study_entry + sex + pc1-4,0.63,0.38,1.04,7.12e-02,BAX + age_study_entry + sex + pc1-4 + disease_type + stage_grouped + sact_over6weeks_before_studyentry + current_sact,NA
CIITA,ENSG00000179583,0.52,0.30,0.87,1.38e-02,0.2497,CIITA + age_study_entry + sex + pc1-4,0.63,0.37,1.07,8.95e-02,CIITA + age_study_entry + sex + pc1-4 + disease_type + stage_grouped + sact_over6weeks_before_studyentry + current_sact,NA
ERG,ENSG00000157554,0.57,0.37,0.89,1.40e-02,0.2497,ERG + age_study_entry + sex + pc1-4,0.76,0.49,1.20,2.42e-01,ERG + age_study_entry + sex + pc1-4 + disease_type + stage_grouped + sact_over6weeks_before_studyentry + current_sact,NA
BIRC3,ENSG00000023445,2.18,1.17,4.06,1.44e-02,0.2497,BIRC3 + age_study_entry + sex + pc1-4,2.06,1.10,3.85,2.35e-02,BIRC3 + age_study_entry + sex + pc1-4 + disease_type + stage_grouped + sact_over6weeks_before_studyentry + current_sact,NA
RAD50,ENSG00000113522,0.61,0.40,0.91,1.55e-02,0.2623,RAD50 + age_study_entry + sex + pc1-4,0.67,0.44,1.00,5.14e-02,RAD50 + age_study_entry + sex + pc1-4 + disease_type + stage_grouped + sact_over6weeks_before_studyentry + current_sact,NA
PIK3CA,ENSG00000121879,0.83,0.71,0.97,1.66e-02,0.2726,PIK3CA + age_study_entry + sex + pc1-4,0.95,0.81,1.12,5.37e-01,PIK3CA + age_study_entry + sex + pc1-4 + disease_type + stage_grouped + sact_over6weeks_before_studyentry + current_sact,"previosly reported somatic VTE locus in cancer studies (Jee et al, 2024)"
ESR1,ENSG00000091831,1.46,1.07,2.00,1.70e-02,0.2726,ESR1 + age_study_entry + sex + pc1-4,1.37,1.00,1.87,5.35e-02,ESR1 + age_study_entry + sex + pc1-4 + disease_type + stage_grouped + sact_over6weeks_before_studyentry + current_sact,NA
CNTN5,ENSG00000149972,1.31,1.05,1.63,1.83e-02,0.2848,CNTN5 + age_study_entry + sex + pc1-4,1.18,0.94,1.47,1.57e-01,CNTN5 + age_study_entry + sex + pc1-4 + disease_type + stage_grouped + sact_over6weeks_before_studyentry + current_sact,NA
RB1,ENSG00000139687,1.31,1.04,1.64,2.01e-02,0.3062,RB1 + age_study_entry + sex + pc1-4,1.05,0.84,1.33,6.57e-01,RB1 + age_study_entry + sex + pc1-4 + disease_type + stage_grouped + sact_over6weeks_before_studyentry + current_sact,NA
RELL1,ENSG00000181826,0.76,0.61,0.96,2.12e-02,0.3137,RELL1 + age_study_entry + sex + pc1-4,0.79,0.63,0.99,4.36e-02,RELL1 + age_study_entry + sex + pc1-4 + disease_type + stage_grouped + sact_over6weeks_before_studyentry + current_sact,NA
BCL9L,ENSG00000186174,0.60,0.38,0.93,2.24e-02,0.3243,BCL9L + age_study_entry + sex + pc1-4,0.72,0.46,1.12,1.46e-01,BCL9L + age_study_entry + sex + pc1-4 + disease_type + stage_grouped + sact_over6weeks_before_studyentry + current_sact,NA
PRKDC,ENSG00000253729,0.72,0.54,0.96,2.45e-02,0.3407,PRKDC + age_study_entry + sex + pc1-4,0.78,0.58,1.04,8.83e-02,PRKDC + age_study_entry + sex + pc1-4 + disease_type + stage_grouped + sact_over6weeks_before_studyentry + current_sact,NA
AKAP6,ENSG00000151320,1.38,1.04,1.83,2.61e-02,0.3407,AKAP6 + age_study_entry + sex + pc1-4,1.32,0.99,1.75,5.92e-02,AKAP6 + age_study_entry + sex + pc1-4 + disease_type + stage_grouped + sact_over6weeks_before_studyentry + current_sact,"previously reported germline VTE locus in GWAS studies (He et al, 2024)"
NCOR2,ENSG00000196498,0.68,0.48,0.95,2.62e-02,0.3407,NCOR2 + age_study_entry + sex + pc1-4,0.70,0.49,0.99,4.09e-02,NCOR2 + age_study_entry + sex + pc1-4 + disease_type + stage_grouped + sact_over6weeks_before_studyentry + current_sact,NA
TAB1,ENSG00000100324,1.96,1.08,3.55,2.64e-02,0.3407,TAB1 + age_study_entry + sex + pc1-4,1.80,0.99,3.28,5.31e-02,TAB1 + age_study_entry + sex + pc1-4 + disease_type + stage_grouped + sact_over6weeks_before_studyentry + current_sact,"previously reported germline VTE locus in GWAS studies (Ghouse et al, 2023)"
MACROD2,ENSG00000172264,1.20,1.02,1.42,2.69e-02,0.3407,MACROD2 + age_study_entry + sex + pc1-4,1.10,0.93,1.30,2.89e-01,MACROD2 + age_study_entry + sex + pc1-4 + disease_type + stage_grouped + sact_over6weeks_before_studyentry + current_sact,NA
CBFB,ENSG00000067955,0.53,0.30,0.93,2.73e-02,0.3407,CBFB + age_study_entry + sex + pc1-4,0.70,0.39,1.23,2.14e-01,CBFB + age_study_entry + sex + pc1-4 + disease_type + stage_grouped + sact_over6weeks_before_studyentry + current_sact,NA
FLI1,ENSG00000151702,1.69,1.06,2.69,2.75e-02,0.3407,FLI1 + age_study_entry + sex + pc1-4,1.54,0.96,2.45,7.23e-02,FLI1 + age_study_entry + sex + pc1-4 + disease_type + stage_grouped + sact_over6weeks_before_studyentry + current_sact,NA
UNC5D,ENSG00000156687,1.25,1.02,1.54,2.86e-02,0.3478,UNC5D + age_study_entry + sex + pc1-4,1.22,0.99,1.50,5.65e-02,UNC5D + age_study_entry + sex + pc1-4 + disease_type + stage_grouped + sact_over6weeks_before_studyentry + current_sact,NA
ATR,ENSG00000175054,0.67,0.46,0.96,2.92e-02,0.3482,ATR + age_study_entry + sex + pc1-4,0.72,0.50,1.04,8.03e-02,ATR + age_study_entry + sex + pc1-4 + disease_type + stage_grouped + sact_over6weeks_before_studyentry + current_sact,NA
RHOA,ENSG00000067560,1.70,1.05,2.74,3.03e-02,0.3540,RHOA + age_study_entry + sex + pc1-4,1.36,0.84,2.20,2.15e-01,RHOA + age_study_entry + sex + pc1-4 + disease_type + stage_grouped + sact_over6weeks_before_studyentry + current_sact,NA
QKI,ENSG00000112531,0.57,0.34,0.95,3.09e-02,0.3540,QKI + age_study_entry + sex + pc1-4,0.64,0.38,1.07,8.75e-02,QKI + age_study_entry + sex + pc1-4 + disease_type + stage_grouped + sact_over6weeks_before_studyentry + current_sact,NA
NOTCH1,ENSG00000148400,0.64,0.43,0.96,3.16e-02,0.3551,NOTCH1 + age_study_entry + sex + pc1-4,0.64,0.42,0.96,3.03e-02,NOTCH1 + age_study_entry + sex + pc1-4 + disease_type + stage_grouped + sact_over6weeks_before_studyentry + current_sact,NA
METTL2B,ENSG00000165055,0.78,0.62,0.98,3.27e-02,0.3551,METTL2B + age_study_entry + sex + pc1-4,0.80,0.63,1.00,5.37e-02,METTL2B + age_study_entry + sex + pc1-4 + disease_type + stage_grouped + sact_over6weeks_before_studyentry + current_sact,NA
MGAT4C,ENSG00000182050,0.72,0.54,0.97,3.30e-02,0.3551,MGAT4C + age_study_entry + sex + pc1-4,0.69,0.51,0.93,1.37e-02,MGAT4C + age_study_entry + sex + pc1-4 + disease_type + stage_grouped + sact_over6weeks_before_studyentry + current_sact,NA
POLE,ENSG00000177084,0.58,0.35,0.96,3.33e-02,0.3551,POLE + age_study_entry + sex + pc1-4,0.55,0.33,0.92,2.19e-02,POLE + age_study_entry + sex + pc1-4 + disease_type + stage_grouped + sact_over6weeks_before_studyentry + current_sact,NA
NCOR1,ENSG00000141027,0.66,0.45,0.97,3.46e-02,0.3627,NCOR1 + age_study_entry + sex + pc1-4,0.72,0.49,1.05,8.86e-02,NCOR1 + age_study_entry + sex + pc1-4 + disease_type + stage_grouped + sact_over6weeks_before_studyentry + current_sact,NA
BCOR,ENSG00000183337,0.59,0.36,0.97,3.59e-02,0.3627,BCOR + age_study_entry + sex + pc1-4,0.58,0.35,0.95,3.22e-02,BCOR + age_study_entry + sex + pc1-4 + disease_type + stage_grouped + sact_over6weeks_before_studyentry + current_sact,"previously reported germline VTE locus in GWAS studies (Thibord et al, 2022)"
PRDM2,ENSG00000116731,0.62,0.39,0.97,3.66e-02,0.3627,PRDM2 + age_study_entry + sex + pc1-4,0.68,0.43,1.08,1.03e-01,PRDM2 + age_study_entry + sex + pc1-4 + disease_type + stage_grouped + sact_over6weeks_before_studyentry + current_sact,NA
LRP1B,ENSG00000168702,1.19,1.01,1.41,3.68e-02,0.3627,LRP1B + age_study_entry + sex + pc1-4,1.07,0.91,1.27,4.02e-01,LRP1B + age_study_entry + sex + pc1-4 + disease_type + stage_grouped + sact_over6weeks_before_studyentry + current_sact,NA
UBR5,ENSG00000104517,0.71,0.52,0.98,3.71e-02,0.3627,UBR5 + age_study_entry + sex + pc1-4,0.73,0.53,1.01,5.84e-02,UBR5 + age_study_entry + sex + pc1-4 + disease_type + stage_grouped + sact_over6weeks_before_studyentry + current_sact,NA
TNFAIP3,ENSG00000118503,1.79,1.03,3.09,3.76e-02,0.3627,TNFAIP3 + age_study_entry + sex + pc1-4,2.00,1.15,3.46,1.36e-02,TNFAIP3 + age_study_entry + sex + pc1-4 + disease_type + stage_grouped + sact_over6weeks_before_studyentry + current_sact,NA
PPFIBP1,ENSG00000110841,1.49,1.02,2.18,4.07e-02,0.3871,PPFIBP1 + age_study_entry + sex + pc1-4,1.34,0.91,1.97,1.33e-01,PPFIBP1 + age_study_entry + sex + pc1-4 + disease_type + stage_grouped + sact_over6weeks_before_studyentry + current_sact,NA
TERT,ENSG00000164362,1.23,1.01,1.50,4.31e-02,0.4036,TERT + age_study_entry + sex + pc1-4,0.94,0.72,1.22,6.44e-01,TERT + age_study_entry + sex + pc1-4 + disease_type + stage_grouped + sact_over6weeks_before_studyentry + current_sact,NA
CENPF,ENSG00000117724,0.54,0.30,0.98,4.39e-02,0.4047,CENPF + age_study_entry + sex + pc1-4,0.53,0.29,0.96,3.55e-02,CENPF + age_study_entry + sex + pc1-4 + disease_type + stage_grouped + sact_over6weeks_before_studyentry + current_sact,"previously reported germline VTE locus in GWAS studies (He et al, 2024)"
NEB,ENSG00000183091,0.75,0.56,1.00,4.68e-02,0.4142,NEB + age_study_entry + sex + pc1-4,0.72,0.54,0.96,2.34e-02,NEB + age_study_entry + sex + pc1-4 + disease_type + stage_grouped + sact_over6weeks_before_studyentry + current_sact,NA
EGFR,ENSG00000146648,1.32,1.00,1.74,4.81e-02,0.4142,EGFR + age_study_entry + sex + pc1-4,0.98,0.73,1.30,8.62e-01,EGFR + age_study_entry + sex + pc1-4 + disease_type + stage_grouped + sact_over6weeks_before_studyentry + current_sact,"previosly reported somatic VTE locus in cancer studies (Jee et al, 2024; Ma et al, 2024)"
GRM3,ENSG00000198822,1.39,1.00,1.92,4.82e-02,0.4142,GRM3 + age_study_entry + sex + pc1-4,1.33,0.96,1.85,8.53e-02,GRM3 + age_study_entry + sex + pc1-4 + disease_type + stage_grouped + sact_over6weeks_before_studyentry + current_sact,NA
GPHN,ENSG00000171723,1.36,1.00,1.84,4.82e-02,0.4142,GPHN + age_study_entry + sex + pc1-4,1.24,0.91,1.68,1.69e-01,GPHN + age_study_entry + sex + pc1-4 + disease_type + stage_grouped + sact_over6weeks_before_studyentry + current_sact,NA
PAX5,ENSG00000196092,0.60,0.36,1.00,4.90e-02,0.4142,PAX5 + age_study_entry + sex + pc1-4,0.65,0.39,1.08,9.79e-02,PAX5 + age_study_entry + sex + pc1-4 + disease_type + stage_grouped + sact_over6weeks_before_studyentry + current_sact,NA
PTPN13,ENSG00000163629,1.41,1.00,2.00,4.96e-02,0.4142,PTPN13 + age_study_entry + sex + pc1-4,1.38,0.98,1.96,6.86e-02,PTPN13 + age_study_entry + sex + pc1-4 + disease_type + stage_grouped + sact_over6weeks_before_studyentry + current_sact,NA
CCDC12,ENSG00000160799,0.81,0.66,1.00,5.03e-02,0.4142,CCDC12 + age_study_entry + sex + pc1-4,0.85,0.69,1.05,1.31e-01,CCDC12 + age_study_entry + sex + pc1-4 + disease_type + stage_grouped + sact_over6weeks_before_studyentry + current_sact,NA
RNF43,ENSG00000108375,0.73,0.53,1.00,5.04e-02,0.4142,RNF43 + age_study_entry + sex + pc1-4,0.82,0.60,1.14,2.43e-01,RNF43 + age_study_entry + sex + pc1-4 + disease_type + stage_grouped + sact_over6weeks_before_studyentry + current_sact,NA
NRAS,ENSG00000213281,0.62,0.38,1.00,5.15e-02,0.4172,NRAS + age_study_entry + sex + pc1-4,0.58,0.35,0.95,3.02e-02,NRAS + age_study_entry + sex + pc1-4 + disease_type + stage_grouped + sact_over6weeks_before_studyentry + current_sact,NA
LAMA2,ENSG00000196569,0.75,0.56,1.00,5.24e-02,0.4191,LAMA2 + age_study_entry + sex + pc1-4,0.78,0.58,1.04,8.52e-02,LAMA2 + age_study_entry + sex + pc1-4 + disease_type + stage_grouped + sact_over6weeks_before_studyentry + current_sact,NA
ACVR1,ENSG00000115170,1.65,0.99,2.75,5.39e-02,0.4259,ACVR1 + age_study_entry + sex + pc1-4,1.33,0.80,2.22,2.78e-01,ACVR1 + age_study_entry + sex + pc1-4 + disease_type + stage_grouped + sact_over6weeks_before_studyentry + current_sact,NA
SHANK2,ENSG00000162105,0.80,0.64,1.01,5.66e-02,0.4408,SHANK2 + age_study_entry + sex + pc1-4,0.79,0.63,1.00,4.62e-02,SHANK2 + age_study_entry + sex + pc1-4 + disease_type + stage_grouped + sact_over6weeks_before_studyentry + current_sact,NA
ARHGEF10,ENSG00000104728,0.73,0.52,1.01,5.78e-02,0.4445,ARHGEF10 + age_study_entry + sex + pc1-4,0.72,0.52,1.00,4.71e-02,ARHGEF10 + age_study_entry + sex + pc1-4 + disease_type + stage_grouped + sact_over6weeks_before_studyentry + current_sact,NA
ARID1A,ENSG00000117713,0.82,0.67,1.01,6.08e-02,0.4531,ARID1A + age_study_entry + sex + pc1-4,0.79,0.64,0.98,3.25e-02,ARID1A + age_study_entry + sex + pc1-4 + disease_type + stage_grouped + sact_over6weeks_before_studyentry + current_sact,"previously reported germline VTE locus in GWAS studies (Thibord et al, 2022)"
ARHGAP35,ENSG00000160007,1.35,0.99,1.84,6.13e-02,0.4531,ARHGAP35 + age_study_entry + sex + pc1-4,1.25,0.90,1.72,1.77e-01,ARHGAP35 + age_study_entry + sex + pc1-4 + disease_type + stage_grouped + sact_over6weeks_before_studyentry + current_sact,NA
TMEM131L,ENSG00000121210,1.56,0.98,2.48,6.21e-02,0.4531,TMEM131L + age_study_entry + sex + pc1-4,1.32,0.83,2.11,2.44e-01,TMEM131L + age_study_entry + sex + pc1-4 + disease_type + stage_grouped + sact_over6weeks_before_studyentry + current_sact,"previously reported germline VTE locus in GWAS studies (Thibord et al, 2022)"
MED12,ENSG00000184634,0.59,0.34,1.03,6.26e-02,0.4531,MED12 + age_study_entry + sex + pc1-4,0.61,0.35,1.05,7.55e-02,MED12 + age_study_entry + sex + pc1-4 + disease_type + stage_grouped + sact_over6weeks_before_studyentry + current_sact,NA
USP9X,ENSG00000124486,0.66,0.42,1.02,6.35e-02,0.4531,USP9X + age_study_entry + sex + pc1-4,0.64,0.41,0.99,4.65e-02,USP9X + age_study_entry + sex + pc1-4 + disease_type + stage_grouped + sact_over6weeks_before_studyentry + current_sact,NA
CDH11,ENSG00000140937,0.57,0.32,1.03,6.40e-02,0.4531,CDH11 + age_study_entry + sex + pc1-4,0.54,0.30,0.98,4.21e-02,CDH11 + age_study_entry + sex + pc1-4 + disease_type + stage_grouped + sact_over6weeks_before_studyentry + current_sact,NA
TLE2,ENSG00000065717,0.82,0.67,1.01,6.48e-02,0.4531,TLE2 + age_study_entry + sex + pc1-4,0.86,0.70,1.06,1.63e-01,TLE2 + age_study_entry + sex + pc1-4 + disease_type + stage_grouped + sact_over6weeks_before_studyentry + current_sact,NA
ADAMTSL4,ENSG00000143382,0.60,0.35,1.03,6.48e-02,0.4531,ADAMTSL4 + age_study_entry + sex + pc1-4,0.67,0.38,1.15,1.48e-01,ADAMTSL4 + age_study_entry + sex + pc1-4 + disease_type + stage_grouped + sact_over6weeks_before_studyentry + current_sact,"previously reported germline VTE locus in GWAS studies (Thibord et al, 2022)"
F8,ENSG00000185010,0.67,0.43,1.03,6.88e-02,0.4741,F8 + age_study_entry + sex + pc1-4,0.65,0.42,1.01,5.53e-02,F8 + age_study_entry + sex + pc1-4 + disease_type + stage_grouped + sact_over6weeks_before_studyentry + current_sact,"previously reported germline VTE locus in GWAS studies (Lindstrom et al, 2019)"
LPP,ENSG00000145012,1.33,0.98,1.82,6.94e-02,0.4741,LPP + age_study_entry + sex + pc1-4,1.09,0.80,1.50,5.77e-01,LPP + age_study_entry + sex + pc1-4 + disease_type + stage_grouped + sact_over6weeks_before_studyentry + current_sact,NA
PRRX1,ENSG00000116132,1.60,0.96,2.66,7.13e-02,0.4751,PRRX1 + age_study_entry + sex + pc1-4,1.54,0.92,2.56,9.82e-02,PRRX1 + age_study_entry + sex + pc1-4 + disease_type + stage_grouped + sact_over6weeks_before_studyentry + current_sact,NA
ARHGAP5,ENSG00000100852,0.63,0.38,1.04,7.26e-02,0.4751,ARHGAP5 + age_study_entry + sex + pc1-4,0.63,0.38,1.05,7.50e-02,ARHGAP5 + age_study_entry + sex + pc1-4 + disease_type + stage_grouped + sact_over6weeks_before_studyentry + current_sact,NA
TP63,ENSG00000073282,0.64,0.39,1.04,7.31e-02,0.4751,TP63 + age_study_entry + sex + pc1-4,0.61,0.37,1.01,5.32e-02,TP63 + age_study_entry + sex + pc1-4 + disease_type + stage_grouped + sact_over6weeks_before_studyentry + current_sact,NA
ATP10A,ENSG00000206190,0.85,0.70,1.02,7.36e-02,0.4751,ATP10A + age_study_entry + sex + pc1-4,0.86,0.72,1.04,1.14e-01,ATP10A + age_study_entry + sex + pc1-4 + disease_type + stage_grouped + sact_over6weeks_before_studyentry + current_sact,NA
BMP5,ENSG00000112175,1.47,0.96,2.24,7.41e-02,0.4751,BMP5 + age_study_entry + sex + pc1-4,1.30,0.85,1.99,2.26e-01,BMP5 + age_study_entry + sex + pc1-4 + disease_type + stage_grouped + sact_over6weeks_before_studyentry + current_sact,NA
SLC20A2,ENSG00000168575,0.63,0.38,1.05,7.46e-02,0.4751,SLC20A2 + age_study_entry + sex + pc1-4,0.57,0.34,0.95,3.01e-02,SLC20A2 + age_study_entry + sex + pc1-4 + disease_type + stage_grouped + sact_over6weeks_before_studyentry + current_sact,"previously reported germline VTE locus in GWAS studies (Ghouse et al, 2023)"
MCUB,ENSG00000005059,0.80,0.62,1.02,7.50e-02,0.4751,MCUB + age_study_entry + sex + pc1-4,0.80,0.62,1.02,7.61e-02,MCUB + age_study_entry + sex + pc1-4 + disease_type + stage_grouped + sact_over6weeks_before_studyentry + current_sact,NA
RSPH6A,ENSG00000104941,1.71,0.95,3.10,7.61e-02,0.4758,RSPH6A + age_study_entry + sex + pc1-4,1.63,0.90,2.97,1.06e-01,RSPH6A + age_study_entry + sex + pc1-4 + disease_type + stage_grouped + sact_over6weeks_before_studyentry + current_sact,"previously reported germline VTE locus in GWAS studies (Thibord et al, 2022)"
ASPM,ENSG00000066279,0.66,0.42,1.04,7.67e-02,0.4758,ASPM + age_study_entry + sex + pc1-4,0.67,0.43,1.06,8.83e-02,ASPM + age_study_entry + sex + pc1-4 + disease_type + stage_grouped + sact_over6weeks_before_studyentry + current_sact,NA
NFE2L2,ENSG00000116044,1.42,0.96,2.10,7.81e-02,0.4763,NFE2L2 + age_study_entry + sex + pc1-4,1.17,0.79,1.74,4.42e-01,NFE2L2 + age_study_entry + sex + pc1-4 + disease_type + stage_grouped + sact_over6weeks_before_studyentry + current_sact,NA
CIC,ENSG00000079432,0.64,0.39,1.05,7.83e-02,0.4763,CIC + age_study_entry + sex + pc1-4,0.56,0.34,0.92,2.30e-02,CIC + age_study_entry + sex + pc1-4 + disease_type + stage_grouped + sact_over6weeks_before_studyentry + current_sact,NA
MDM4,ENSG00000198625,1.70,0.94,3.08,7.93e-02,0.4773,MDM4 + age_study_entry + sex + pc1-4,1.45,0.80,2.62,2.25e-01,MDM4 + age_study_entry + sex + pc1-4 + disease_type + stage_grouped + sact_over6weeks_before_studyentry + current_sact,NA
WIF1,ENSG00000156076,1.58,0.93,2.68,8.82e-02,0.5259,WIF1 + age_study_entry + sex + pc1-4,1.31,0.77,2.22,3.22e-01,WIF1 + age_study_entry + sex + pc1-4 + disease_type + stage_grouped + sact_over6weeks_before_studyentry + current_sact,NA
DNM2,ENSG00000079805,0.60,0.33,1.09,9.14e-02,0.5396,DNM2 + age_study_entry + sex + pc1-4,0.56,0.31,1.01,5.46e-02,DNM2 + age_study_entry + sex + pc1-4 + disease_type + stage_grouped + sact_over6weeks_before_studyentry + current_sact,NA
NF1,ENSG00000196712,1.20,0.97,1.48,9.82e-02,0.5739,NF1 + age_study_entry + sex + pc1-4,1.03,0.83,1.27,8.18e-01,NF1 + age_study_entry + sex + pc1-4 + disease_type + stage_grouped + sact_over6weeks_before_studyentry + current_sact,"previosly reported somatic VTE locus in cancer studies (Ma et al, 2024)"
ABO,ENSG00000175164,1.61,0.91,2.85,9.99e-02,0.5755,ABO + age_study_entry + sex + pc1-4,1.68,0.95,2.98,7.34e-02,ABO + age_study_entry + sex + pc1-4 + disease_type + stage_grouped + sact_over6weeks_before_studyentry + current_sact,"previously reported germline VTE locus in GWAS studies (Klarin et al, 2019; Lindstrom et al, 2019; Thibord et al, 2022; Ghouse et al, 2023)"
PDS5B,ENSG00000083642,0.83,0.66,1.04,1.01e-01,0.5755,PDS5B + age_study_entry + sex + pc1-4,0.85,0.68,1.07,1.76e-01,PDS5B + age_study_entry + sex + pc1-4 + disease_type + stage_grouped + sact_over6weeks_before_studyentry + current_sact,NA
PDE4DIP,ENSG00000178104,0.63,0.37,1.09,1.02e-01,0.5755,PDE4DIP + age_study_entry + sex + pc1-4,0.63,0.37,1.09,1.00e-01,PDE4DIP + age_study_entry + sex + pc1-4 + disease_type + stage_grouped + sact_over6weeks_before_studyentry + current_sact,NA
SOX6,ENSG00000110693,1.35,0.94,1.94,1.04e-01,0.5755,SOX6 + age_study_entry + sex + pc1-4,1.19,0.83,1.72,3.43e-01,SOX6 + age_study_entry + sex + pc1-4 + disease_type + stage_grouped + sact_over6weeks_before_studyentry + current_sact,"previously reported germline VTE locus in GWAS studies (Thibord et al, 2022)"
BUB1B,ENSG00000156970,1.60,0.91,2.83,1.05e-01,0.5755,BUB1B + age_study_entry + sex + pc1-4,1.57,0.89,2.78,1.21e-01,BUB1B + age_study_entry + sex + pc1-4 + disease_type + stage_grouped + sact_over6weeks_before_studyentry + current_sact,NA
GOLPH3,ENSG00000113384,1.67,0.90,3.12,1.06e-01,0.5755,GOLPH3 + age_study_entry + sex + pc1-4,1.67,0.89,3.11,1.07e-01,GOLPH3 + age_study_entry + sex + pc1-4 + disease_type + stage_grouped + sact_over6weeks_before_studyentry + current_sact,NA
TPR,ENSG00000047410,0.66,0.39,1.09,1.07e-01,0.5755,TPR + age_study_entry + sex + pc1-4,0.67,0.40,1.11,1.20e-01,TPR + age_study_entry + sex + pc1-4 + disease_type + stage_grouped + sact_over6weeks_before_studyentry + current_sact,NA
KIAA1549,ENSG00000122778,0.67,0.41,1.09,1.07e-01,0.5755,KIAA1549 + age_study_entry + sex + pc1-4,0.70,0.42,1.14,1.51e-01,KIAA1549 + age_study_entry + sex + pc1-4 + disease_type + stage_grouped + sact_over6weeks_before_studyentry + current_sact,NA
RAF1,ENSG00000132155,1.48,0.92,2.39,1.08e-01,0.5755,RAF1 + age_study_entry + sex + pc1-4,1.43,0.89,2.32,1.42e-01,RAF1 + age_study_entry + sex + pc1-4 + disease_type + stage_grouped + sact_over6weeks_before_studyentry + current_sact,NA
ASIC2,ENSG00000108684,1.20,0.96,1.49,1.08e-01,0.5755,ASIC2 + age_study_entry + sex + pc1-4,1.15,0.92,1.43,2.25e-01,ASIC2 + age_study_entry + sex + pc1-4 + disease_type + stage_grouped + sact_over6weeks_before_studyentry + current_sact,NA
HMCN1,ENSG00000143341,0.79,0.59,1.05,1.10e-01,0.5755,HMCN1 + age_study_entry + sex + pc1-4,0.75,0.56,1.00,4.79e-02,HMCN1 + age_study_entry + sex + pc1-4 + disease_type + stage_grouped + sact_over6weeks_before_studyentry + current_sact,NA
ZNF787,ENSG00000142409,1.66,0.89,3.10,1.10e-01,0.5755,ZNF787 + age_study_entry + sex + pc1-4,1.45,0.78,2.70,2.45e-01,ZNF787 + age_study_entry + sex + pc1-4 + disease_type + stage_grouped + sact_over6weeks_before_studyentry + current_sact,"previously reported germline VTE locus in GWAS studies (Thibord et al, 2022)"
NUMA1,ENSG00000137497,0.66,0.40,1.10,1.11e-01,0.5773,NUMA1 + age_study_entry + sex + pc1-4,0.68,0.41,1.13,1.38e-01,NUMA1 + age_study_entry + sex + pc1-4 + disease_type + stage_grouped + sact_over6weeks_before_studyentry + current_sact,NA
CHD3,ENSG00000170004,0.69,0.43,1.09,1.12e-01,0.5773,CHD3 + age_study_entry + sex + pc1-4,0.74,0.46,1.19,2.20e-01,CHD3 + age_study_entry + sex + pc1-4 + disease_type + stage_grouped + sact_over6weeks_before_studyentry + current_sact,"previously reported germline VTE locus in GWAS studies (Ghouse et al, 2023)"
ZNF521,ENSG00000198795,1.27,0.94,1.71,1.14e-01,0.5844,ZNF521 + age_study_entry + sex + pc1-4,1.19,0.88,1.61,2.53e-01,ZNF521 + age_study_entry + sex + pc1-4 + disease_type + stage_grouped + sact_over6weeks_before_studyentry + current_sact,NA
RAD51B,ENSG00000182185,1.27,0.94,1.71,1.16e-01,0.5886,RAD51B + age_study_entry + sex + pc1-4,1.10,0.82,1.49,5.30e-01,RAD51B + age_study_entry + sex + pc1-4 + disease_type + stage_grouped + sact_over6weeks_before_studyentry + current_sact,NA
KEAP1,ENSG00000079999,1.40,0.92,2.13,1.19e-01,0.5990,KEAP1 + age_study_entry + sex + pc1-4,1.28,0.83,1.96,2.62e-01,KEAP1 + age_study_entry + sex + pc1-4 + disease_type + stage_grouped + sact_over6weeks_before_studyentry + current_sact,"previosly reported somatic VTE locus in cancer studies (Dunbar et al, 2021; Jee et al, 2024)"
SPEN,ENSG00000065526,0.76,0.53,1.08,1.20e-01,0.5990,SPEN + age_study_entry + sex + pc1-4,0.79,0.56,1.12,1.91e-01,SPEN + age_study_entry + sex + pc1-4 + disease_type + stage_grouped + sact_over6weeks_before_studyentry + current_sact,NA
ARHGEF28,ENSG00000214944,0.65,0.38,1.12,1.22e-01,0.6009,ARHGEF28 + age_study_entry + sex + pc1-4,0.62,0.36,1.07,8.30e-02,ARHGEF28 + age_study_entry + sex + pc1-4 + disease_type + stage_grouped + sact_over6weeks_before_studyentry + current_sact,"previously reported germline VTE locus in GWAS studies (Thibord et al, 2022)"
VHL,ENSG00000134086,0.82,0.63,1.06,1.24e-01,0.6069,VHL + age_study_entry + sex + pc1-4,0.98,0.67,1.46,9.38e-01,VHL + age_study_entry + sex + pc1-4 + disease_type + stage_grouped + sact_over6weeks_before_studyentry + current_sact,NA
ETV6,ENSG00000139083,1.33,0.92,1.93,1.26e-01,0.6069,ETV6 + age_study_entry + sex + pc1-4,1.35,0.93,1.96,1.10e-01,ETV6 + age_study_entry + sex + pc1-4 + disease_type + stage_grouped + sact_over6weeks_before_studyentry + current_sact,"previously reported germline VTE locus in GWAS studies (Ghouse et al, 2023)"
ABCA5,ENSG00000154265,0.68,0.42,1.12,1.27e-01,0.6069,ABCA5 + age_study_entry + sex + pc1-4,0.74,0.45,1.21,2.33e-01,ABCA5 + age_study_entry + sex + pc1-4 + disease_type + stage_grouped + sact_over6weeks_before_studyentry + current_sact,"previously reported germline VTE locus in GWAS studies (Thibord et al, 2022)"
YWHAE,ENSG00000108953,1.51,0.89,2.55,1.27e-01,0.6069,YWHAE + age_study_entry + sex + pc1-4,1.33,0.78,2.25,2.97e-01,YWHAE + age_study_entry + sex + pc1-4 + disease_type + stage_grouped + sact_over6weeks_before_studyentry + current_sact,NA
YLPM1,ENSG00000119596,0.68,0.42,1.12,1.28e-01,0.6069,YLPM1 + age_study_entry + sex + pc1-4,0.69,0.42,1.13,1.36e-01,YLPM1 + age_study_entry + sex + pc1-4 + disease_type + stage_grouped + sact_over6weeks_before_studyentry + current_sact,"previously reported germline VTE locus in GWAS studies (Ghouse et al, 2023)"
SETD1B,ENSG00000139718,0.78,0.56,1.08,1.30e-01,0.6069,SETD1B + age_study_entry + sex + pc1-4,0.86,0.61,1.21,3.86e-01,SETD1B + age_study_entry + sex + pc1-4 + disease_type + stage_grouped + sact_over6weeks_before_studyentry + current_sact,NA
SOX21,ENSG00000125285,0.82,0.64,1.06,1.32e-01,0.6069,SOX21 + age_study_entry + sex + pc1-4,0.83,0.64,1.07,1.58e-01,SOX21 + age_study_entry + sex + pc1-4 + disease_type + stage_grouped + sact_over6weeks_before_studyentry + current_sact,NA
TRIM33,ENSG00000197323,1.35,0.91,1.99,1.33e-01,0.6069,TRIM33 + age_study_entry + sex + pc1-4,1.50,1.01,2.22,4.39e-02,TRIM33 + age_study_entry + sex + pc1-4 + disease_type + stage_grouped + sact_over6weeks_before_studyentry + current_sact,NA
LNPK,ENSG00000144320,0.83,0.66,1.06,1.34e-01,0.6069,LNPK + age_study_entry + sex + pc1-4,0.86,0.68,1.09,2.15e-01,LNPK + age_study_entry + sex + pc1-4 + disease_type + stage_grouped + sact_over6weeks_before_studyentry + current_sact,NA
BIRC6,ENSG00000115760,0.76,0.54,1.09,1.34e-01,0.6069,BIRC6 + age_study_entry + sex + pc1-4,0.74,0.52,1.06,1.01e-01,BIRC6 + age_study_entry + sex + pc1-4 + disease_type + stage_grouped + sact_over6weeks_before_studyentry + current_sact,NA
VCPIP1,ENSG00000175073,0.81,0.61,1.07,1.36e-01,0.6069,VCPIP1 + age_study_entry + sex + pc1-4,0.82,0.62,1.10,1.83e-01,VCPIP1 + age_study_entry + sex + pc1-4 + disease_type + stage_grouped + sact_over6weeks_before_studyentry + current_sact,NA
CELSR2,ENSG00000143126,0.65,0.37,1.15,1.37e-01,0.6069,CELSR2 + age_study_entry + sex + pc1-4,0.71,0.40,1.26,2.46e-01,CELSR2 + age_study_entry + sex + pc1-4 + disease_type + stage_grouped + sact_over6weeks_before_studyentry + current_sact,"previously reported germline VTE locus in GWAS studies (Thibord et al, 2022)"
FAM135B,ENSG00000147724,0.76,0.53,1.09,1.37e-01,0.6069,FAM135B + age_study_entry + sex + pc1-4,0.66,0.46,0.96,2.77e-02,FAM135B + age_study_entry + sex + pc1-4 + disease_type + stage_grouped + sact_over6weeks_before_studyentry + current_sact,NA
NAALADL2,ENSG00000177694,1.19,0.94,1.51,1.38e-01,0.6069,NAALADL2 + age_study_entry + sex + pc1-4,1.08,0.85,1.37,5.25e-01,NAALADL2 + age_study_entry + sex + pc1-4 + disease_type + stage_grouped + sact_over6weeks_before_studyentry + current_sact,NA
SLC9A9,ENSG00000181804,0.82,0.62,1.07,1.39e-01,0.6069,SLC9A9 + age_study_entry + sex + pc1-4,0.83,0.64,1.09,1.82e-01,SLC9A9 + age_study_entry + sex + pc1-4 + disease_type + stage_grouped + sact_over6weeks_before_studyentry + current_sact,NA
CTNNA1,ENSG00000044115,0.66,0.38,1.15,1.41e-01,0.6069,CTNNA1 + age_study_entry + sex + pc1-4,0.69,0.40,1.19,1.78e-01,CTNNA1 + age_study_entry + sex + pc1-4 + disease_type + stage_grouped + sact_over6weeks_before_studyentry + current_sact,NA
AGBL1,ENSG00000273540,0.85,0.68,1.06,1.41e-01,0.6069,AGBL1 + age_study_entry + sex + pc1-4,0.82,0.66,1.02,8.04e-02,AGBL1 + age_study_entry + sex + pc1-4 + disease_type + stage_grouped + sact_over6weeks_before_studyentry + current_sact,NA
FOXO3,ENSG00000118689,0.69,0.42,1.13,1.43e-01,0.6069,FOXO3 + age_study_entry + sex + pc1-4,0.81,0.49,1.32,3.93e-01,FOXO3 + age_study_entry + sex + pc1-4 + disease_type + stage_grouped + sact_over6weeks_before_studyentry + current_sact,NA
MYO5A,ENSG00000197535,0.69,0.42,1.13,1.44e-01,0.6069,MYO5A + age_study_entry + sex + pc1-4,0.70,0.43,1.15,1.63e-01,MYO5A + age_study_entry + sex + pc1-4 + disease_type + stage_grouped + sact_over6weeks_before_studyentry + current_sact,NA
KDM5A,ENSG00000073614,0.74,0.49,1.11,1.44e-01,0.6069,KDM5A + age_study_entry + sex + pc1-4,0.79,0.52,1.20,2.78e-01,KDM5A + age_study_entry + sex + pc1-4 + disease_type + stage_grouped + sact_over6weeks_before_studyentry + current_sact,NA
STXBP5,ENSG00000164506,1.40,0.89,2.20,1.46e-01,0.6069,STXBP5 + age_study_entry + sex + pc1-4,1.19,0.75,1.88,4.51e-01,STXBP5 + age_study_entry + sex + pc1-4 + disease_type + stage_grouped + sact_over6weeks_before_studyentry + current_sact,"previously reported germline VTE locus in GWAS studies (Klarin et al, 2019; Lindstrom et al, 2019; Thibord et al, 2022; Ghouse et al, 2023)"
SRGAP3,ENSG00000196220,0.71,0.44,1.13,1.46e-01,0.6069,SRGAP3 + age_study_entry + sex + pc1-4,0.68,0.43,1.09,1.09e-01,SRGAP3 + age_study_entry + sex + pc1-4 + disease_type + stage_grouped + sact_over6weeks_before_studyentry + current_sact,NA
MLLT10,ENSG00000078403,0.68,0.40,1.15,1.46e-01,0.6069,MLLT10 + age_study_entry + sex + pc1-4,0.64,0.38,1.09,9.90e-02,MLLT10 + age_study_entry + sex + pc1-4 + disease_type + stage_grouped + sact_over6weeks_before_studyentry + current_sact,"previously reported germline VTE locus in GWAS studies (Thibord et al, 2022; Ghouse et al, 2023)"
GLI1,ENSG00000111087,0.66,0.37,1.16,1.47e-01,0.6069,GLI1 + age_study_entry + sex + pc1-4,0.68,0.38,1.20,1.83e-01,GLI1 + age_study_entry + sex + pc1-4 + disease_type + stage_grouped + sact_over6weeks_before_studyentry + current_sact,NA
BAZ1A,ENSG00000198604,0.66,0.37,1.16,1.48e-01,0.6076,BAZ1A + age_study_entry + sex + pc1-4,0.67,0.38,1.19,1.74e-01,BAZ1A + age_study_entry + sex + pc1-4 + disease_type + stage_grouped + sact_over6weeks_before_studyentry + current_sact,NA
PCDHGB5,ENSG00000276547,1.49,0.86,2.58,1.50e-01,0.6091,PCDHGB5 + age_study_entry + sex + pc1-4,1.51,0.87,2.62,1.38e-01,PCDHGB5 + age_study_entry + sex + pc1-4 + disease_type + stage_grouped + sact_over6weeks_before_studyentry + current_sact,"previously reported germline VTE locus in GWAS studies (He et al, 2024)"
PREX2,ENSG00000046889,1.23,0.93,1.64,1.51e-01,0.6091,PREX2 + age_study_entry + sex + pc1-4,1.21,0.91,1.62,1.95e-01,PREX2 + age_study_entry + sex + pc1-4 + disease_type + stage_grouped + sact_over6weeks_before_studyentry + current_sact,NA
ERBB2,ENSG00000141736,1.25,0.92,1.71,1.52e-01,0.6091,ERBB2 + age_study_entry + sex + pc1-4,1.25,0.91,1.71,1.63e-01,ERBB2 + age_study_entry + sex + pc1-4 + disease_type + stage_grouped + sact_over6weeks_before_studyentry + current_sact,"previosly reported somatic VTE locus in cancer studies (Jee et al, 2024)"
PLCG2,ENSG00000197943,0.70,0.44,1.14,1.52e-01,0.6091,PLCG2 + age_study_entry + sex + pc1-4,0.65,0.40,1.06,8.18e-02,PLCG2 + age_study_entry + sex + pc1-4 + disease_type + stage_grouped + sact_over6weeks_before_studyentry + current_sact,"previously reported germline VTE locus in GWAS studies (Lindstrom et al 2019; Klarin et al, 2019; Thibord et al, 2019; Ghouse et al, 2019)"
MAP3K1,ENSG00000095015,0.79,0.58,1.09,1.55e-01,0.6150,MAP3K1 + age_study_entry + sex + pc1-4,1.03,0.75,1.42,8.50e-01,MAP3K1 + age_study_entry + sex + pc1-4 + disease_type + stage_grouped + sact_over6weeks_before_studyentry + current_sact,NA
FANCC,ENSG00000158169,1.46,0.86,2.48,1.57e-01,0.6184,FANCC + age_study_entry + sex + pc1-4,1.36,0.80,2.30,2.60e-01,FANCC + age_study_entry + sex + pc1-4 + disease_type + stage_grouped + sact_over6weeks_before_studyentry + current_sact,NA
PRKCB,ENSG00000166501,1.28,0.91,1.81,1.58e-01,0.6191,PRKCB + age_study_entry + sex + pc1-4,1.21,0.86,1.72,2.78e-01,PRKCB + age_study_entry + sex + pc1-4 + disease_type + stage_grouped + sact_over6weeks_before_studyentry + current_sact,NA
SVIL,ENSG00000197321,0.81,0.61,1.08,1.59e-01,0.6201,SVIL + age_study_entry + sex + pc1-4,0.85,0.64,1.13,2.68e-01,SVIL + age_study_entry + sex + pc1-4 + disease_type + stage_grouped + sact_over6weeks_before_studyentry + current_sact,NA
CRIM1,ENSG00000150938,1.41,0.87,2.27,1.62e-01,0.6260,CRIM1 + age_study_entry + sex + pc1-4,1.48,0.92,2.39,1.09e-01,CRIM1 + age_study_entry + sex + pc1-4 + disease_type + stage_grouped + sact_over6weeks_before_studyentry + current_sact,"previously reported germline VTE locus in GWAS studies (Ghouse et al, 2023)"
RCOR1,ENSG00000089902,1.48,0.85,2.55,1.63e-01,0.6283,RCOR1 + age_study_entry + sex + pc1-4,1.40,0.81,2.41,2.32e-01,RCOR1 + age_study_entry + sex + pc1-4 + disease_type + stage_grouped + sact_over6weeks_before_studyentry + current_sact,"previously reported germline VTE locus in GWAS studies (Thibord et al, 2022)"
STAG1,ENSG00000118007,0.76,0.51,1.12,1.65e-01,0.6308,STAG1 + age_study_entry + sex + pc1-4,0.74,0.50,1.10,1.36e-01,STAG1 + age_study_entry + sex + pc1-4 + disease_type + stage_grouped + sact_over6weeks_before_studyentry + current_sact,NA
ZFPM1,ENSG00000179588,0.73,0.46,1.14,1.68e-01,0.6342,ZFPM1 + age_study_entry + sex + pc1-4,0.78,0.49,1.22,2.73e-01,ZFPM1 + age_study_entry + sex + pc1-4 + disease_type + stage_grouped + sact_over6weeks_before_studyentry + current_sact,"previously reported germline VTE locus in GWAS studies (Thibord et al, 2022; Ghouse et al, 2023)"
KCNIP4,ENSG00000185774,1.16,0.94,1.45,1.69e-01,0.6342,KCNIP4 + age_study_entry + sex + pc1-4,1.13,0.91,1.40,2.79e-01,KCNIP4 + age_study_entry + sex + pc1-4 + disease_type + stage_grouped + sact_over6weeks_before_studyentry + current_sact,NA
NIN,ENSG00000100503,0.66,0.36,1.19,1.69e-01,0.6342,NIN + age_study_entry + sex + pc1-4,0.73,0.40,1.33,3.10e-01,NIN + age_study_entry + sex + pc1-4 + disease_type + stage_grouped + sact_over6weeks_before_studyentry + current_sact,NA
TRIP11,ENSG00000100815,0.67,0.38,1.19,1.72e-01,0.6401,TRIP11 + age_study_entry + sex + pc1-4,0.64,0.36,1.13,1.26e-01,TRIP11 + age_study_entry + sex + pc1-4 + disease_type + stage_grouped + sact_over6weeks_before_studyentry + current_sact,NA
PCLO,ENSG00000186472,1.17,0.93,1.46,1.74e-01,0.6414,PCLO + age_study_entry + sex + pc1-4,1.06,0.85,1.34,5.91e-01,PCLO + age_study_entry + sex + pc1-4 + disease_type + stage_grouped + sact_over6weeks_before_studyentry + current_sact,NA
RALYL,ENSG00000184672,1.18,0.93,1.49,1.76e-01,0.6414,RALYL + age_study_entry + sex + pc1-4,1.08,0.86,1.37,5.07e-01,RALYL + age_study_entry + sex + pc1-4 + disease_type + stage_grouped + sact_over6weeks_before_studyentry + current_sact,NA
BRD3,ENSG00000169925,0.69,0.40,1.19,1.77e-01,0.6414,BRD3 + age_study_entry + sex + pc1-4,0.71,0.41,1.24,2.33e-01,BRD3 + age_study_entry + sex + pc1-4 + disease_type + stage_grouped + sact_over6weeks_before_studyentry + current_sact,"previously reported germline VTE locus in GWAS studies (Thibord et al, 2022)"
GPC6,ENSG00000183098,1.13,0.95,1.35,1.77e-01,0.6414,GPC6 + age_study_entry + sex + pc1-4,1.04,0.87,1.25,6.57e-01,GPC6 + age_study_entry + sex + pc1-4 + disease_type + stage_grouped + sact_over6weeks_before_studyentry + current_sact,NA
PDE4D,ENSG00000113448,1.16,0.93,1.44,1.78e-01,0.6414,PDE4D + age_study_entry + sex + pc1-4,1.13,0.91,1.41,2.67e-01,PDE4D + age_study_entry + sex + pc1-4 + disease_type + stage_grouped + sact_over6weeks_before_studyentry + current_sact,NA
PLEC,ENSG00000178209,0.77,0.52,1.13,1.78e-01,0.6414,PLEC + age_study_entry + sex + pc1-4,0.79,0.53,1.17,2.36e-01,PLEC + age_study_entry + sex + pc1-4 + disease_type + stage_grouped + sact_over6weeks_before_studyentry + current_sact,NA
DLGAP2,ENSG00000198010,1.13,0.95,1.35,1.79e-01,0.6415,DLGAP2 + age_study_entry + sex + pc1-4,1.08,0.90,1.29,4.29e-01,DLGAP2 + age_study_entry + sex + pc1-4 + disease_type + stage_grouped + sact_over6weeks_before_studyentry + current_sact,NA
KMT2C,ENSG00000055609,0.88,0.73,1.06,1.86e-01,0.6561,KMT2C + age_study_entry + sex + pc1-4,0.92,0.76,1.11,3.73e-01,KMT2C + age_study_entry + sex + pc1-4 + disease_type + stage_grouped + sact_over6weeks_before_studyentry + current_sact,NA
CHST11,ENSG00000171310,0.67,0.37,1.21,1.86e-01,0.6561,CHST11 + age_study_entry + sex + pc1-4,0.57,0.31,1.03,6.15e-02,CHST11 + age_study_entry + sex + pc1-4 + disease_type + stage_grouped + sact_over6weeks_before_studyentry + current_sact,NA
ABL2,ENSG00000143322,0.66,0.35,1.23,1.87e-01,0.6561,ABL2 + age_study_entry + sex + pc1-4,0.68,0.36,1.26,2.21e-01,ABL2 + age_study_entry + sex + pc1-4 + disease_type + stage_grouped + sact_over6weeks_before_studyentry + current_sact,NA
SGCZ,ENSG00000185053,1.17,0.93,1.47,1.89e-01,0.6595,SGCZ + age_study_entry + sex + pc1-4,1.09,0.86,1.37,4.85e-01,SGCZ + age_study_entry + sex + pc1-4 + disease_type + stage_grouped + sact_over6weeks_before_studyentry + current_sact,NA
GRM7,ENSG00000196277,0.84,0.64,1.09,1.91e-01,0.6623,GRM7 + age_study_entry + sex + pc1-4,0.82,0.63,1.08,1.62e-01,GRM7 + age_study_entry + sex + pc1-4 + disease_type + stage_grouped + sact_over6weeks_before_studyentry + current_sact,NA
LIFR,ENSG00000113594,0.66,0.36,1.23,1.94e-01,0.6669,LIFR + age_study_entry + sex + pc1-4,0.60,0.32,1.11,1.04e-01,LIFR + age_study_entry + sex + pc1-4 + disease_type + stage_grouped + sact_over6weeks_before_studyentry + current_sact,"previously reported germline VTE locus in GWAS studies (Ghouse et al, 2023)"
PAX3,ENSG00000135903,1.46,0.82,2.57,1.95e-01,0.6669,PAX3 + age_study_entry + sex + pc1-4,1.38,0.78,2.44,2.72e-01,PAX3 + age_study_entry + sex + pc1-4 + disease_type + stage_grouped + sact_over6weeks_before_studyentry + current_sact,NA
CTNNA3,ENSG00000183230,1.16,0.93,1.45,1.95e-01,0.6669,CTNNA3 + age_study_entry + sex + pc1-4,1.03,0.82,1.29,7.90e-01,CTNNA3 + age_study_entry + sex + pc1-4 + disease_type + stage_grouped + sact_over6weeks_before_studyentry + current_sact,NA
FGFR3,ENSG00000068078,0.75,0.47,1.18,2.06e-01,0.6987,FGFR3 + age_study_entry + sex + pc1-4,0.77,0.47,1.27,3.11e-01,FGFR3 + age_study_entry + sex + pc1-4 + disease_type + stage_grouped + sact_over6weeks_before_studyentry + current_sact,NA
LSM14A,ENSG00000257103,1.40,0.83,2.38,2.07e-01,0.6987,LSM14A + age_study_entry + sex + pc1-4,1.21,0.71,2.05,4.83e-01,LSM14A + age_study_entry + sex + pc1-4 + disease_type + stage_grouped + sact_over6weeks_before_studyentry + current_sact,NA
CAMTA1,ENSG00000171735,0.84,0.63,1.11,2.10e-01,0.6987,CAMTA1 + age_study_entry + sex + pc1-4,0.84,0.64,1.11,2.31e-01,CAMTA1 + age_study_entry + sex + pc1-4 + disease_type + stage_grouped + sact_over6weeks_before_studyentry + current_sact,NA
NSD2,ENSG00000109685,0.75,0.48,1.18,2.11e-01,0.6987,NSD2 + age_study_entry + sex + pc1-4,0.77,0.49,1.21,2.55e-01,NSD2 + age_study_entry + sex + pc1-4 + disease_type + stage_grouped + sact_over6weeks_before_studyentry + current_sact,NA
TYK2,ENSG00000105397,0.87,0.69,1.08,2.11e-01,0.6987,TYK2 + age_study_entry + sex + pc1-4,0.90,0.72,1.13,3.66e-01,TYK2 + age_study_entry + sex + pc1-4 + disease_type + stage_grouped + sact_over6weeks_before_studyentry + current_sact,NA
MYO3A,ENSG00000095777,0.86,0.68,1.09,2.12e-01,0.6987,MYO3A + age_study_entry + sex + pc1-4,0.89,0.70,1.14,3.60e-01,MYO3A + age_study_entry + sex + pc1-4 + disease_type + stage_grouped + sact_over6weeks_before_studyentry + current_sact,NA
RNF213,ENSG00000173821,0.78,0.53,1.15,2.13e-01,0.6987,RNF213 + age_study_entry + sex + pc1-4,0.80,0.54,1.19,2.69e-01,RNF213 + age_study_entry + sex + pc1-4 + disease_type + stage_grouped + sact_over6weeks_before_studyentry + current_sact,NA
ASXL1,ENSG00000171456,0.80,0.56,1.14,2.16e-01,0.7011,ASXL1 + age_study_entry + sex + pc1-4,0.82,0.58,1.17,2.78e-01,ASXL1 + age_study_entry + sex + pc1-4 + disease_type + stage_grouped + sact_over6weeks_before_studyentry + current_sact,NA
BCL9,ENSG00000116128,0.79,0.54,1.15,2.17e-01,0.7011,BCL9 + age_study_entry + sex + pc1-4,0.83,0.57,1.21,3.30e-01,BCL9 + age_study_entry + sex + pc1-4 + disease_type + stage_grouped + sact_over6weeks_before_studyentry + current_sact,NA
FIP1L1,ENSG00000145216,1.39,0.82,2.36,2.17e-01,0.7011,FIP1L1 + age_study_entry + sex + pc1-4,1.30,0.77,2.21,3.32e-01,FIP1L1 + age_study_entry + sex + pc1-4 + disease_type + stage_grouped + sact_over6weeks_before_studyentry + current_sact,NA
EBF1,ENSG00000164330,0.72,0.42,1.22,2.18e-01,0.7027,EBF1 + age_study_entry + sex + pc1-4,0.71,0.42,1.21,2.10e-01,EBF1 + age_study_entry + sex + pc1-4 + disease_type + stage_grouped + sact_over6weeks_before_studyentry + current_sact,NA
TNC,ENSG00000041982,0.75,0.48,1.19,2.22e-01,0.7048,TNC + age_study_entry + sex + pc1-4,0.80,0.51,1.27,3.45e-01,TNC + age_study_entry + sex + pc1-4 + disease_type + stage_grouped + sact_over6weeks_before_studyentry + current_sact,NA
TTC7B,ENSG00000165914,0.87,0.69,1.09,2.23e-01,0.7048,TTC7B + age_study_entry + sex + pc1-4,0.89,0.71,1.12,3.11e-01,TTC7B + age_study_entry + sex + pc1-4 + disease_type + stage_grouped + sact_over6weeks_before_studyentry + current_sact,NA
PRKN,ENSG00000185345,1.13,0.93,1.37,2.24e-01,0.7048,PRKN + age_study_entry + sex + pc1-4,1.04,0.85,1.26,7.05e-01,PRKN + age_study_entry + sex + pc1-4 + disease_type + stage_grouped + sact_over6weeks_before_studyentry + current_sact,NA
PEPD,ENSG00000124299,1.36,0.83,2.22,2.26e-01,0.7048,PEPD + age_study_entry + sex + pc1-4,1.14,0.69,1.86,6.14e-01,PEPD + age_study_entry + sex + pc1-4 + disease_type + stage_grouped + sact_over6weeks_before_studyentry + current_sact,"previously reported germline VTE locus in GWAS studies (Thibord et al, 2022)"
ERC1,ENSG00000082805,1.18,0.90,1.55,2.29e-01,0.7048,ERC1 + age_study_entry + sex + pc1-4,1.07,0.81,1.41,6.27e-01,ERC1 + age_study_entry + sex + pc1-4 + disease_type + stage_grouped + sact_over6weeks_before_studyentry + current_sact,NA
VWF,ENSG00000110799,0.80,0.55,1.15,2.29e-01,0.7048,VWF + age_study_entry + sex + pc1-4,0.81,0.56,1.17,2.68e-01,VWF + age_study_entry + sex + pc1-4 + disease_type + stage_grouped + sact_over6weeks_before_studyentry + current_sact,"previously reported germline VTE locus in GWAS studies (Klarin et al, 2019; Lindstrom et al, 2019; Thibord et al, 2022; Ghouse et al, 2023)"
STAT5B,ENSG00000173757,0.73,0.44,1.22,2.29e-01,0.7048,STAT5B + age_study_entry + sex + pc1-4,0.83,0.50,1.38,4.66e-01,STAT5B + age_study_entry + sex + pc1-4 + disease_type + stage_grouped + sact_over6weeks_before_studyentry + current_sact,NA
FBXO11,ENSG00000138081,1.42,0.80,2.50,2.31e-01,0.7048,FBXO11 + age_study_entry + sex + pc1-4,1.46,0.83,2.59,1.90e-01,FBXO11 + age_study_entry + sex + pc1-4 + disease_type + stage_grouped + sact_over6weeks_before_studyentry + current_sact,NA
CDK12,ENSG00000167258,1.22,0.88,1.67,2.32e-01,0.7048,CDK12 + age_study_entry + sex + pc1-4,1.14,0.82,1.57,4.35e-01,CDK12 + age_study_entry + sex + pc1-4 + disease_type + stage_grouped + sact_over6weeks_before_studyentry + current_sact,NA
CNTNAP2,ENSG00000174469,1.11,0.93,1.33,2.34e-01,0.7048,CNTNAP2 + age_study_entry + sex + pc1-4,1.01,0.84,1.20,9.27e-01,CNTNAP2 + age_study_entry + sex + pc1-4 + disease_type + stage_grouped + sact_over6weeks_before_studyentry + current_sact,NA
HLA-A,ENSG00000206503,0.77,0.50,1.18,2.34e-01,0.7048,HLA-A + age_study_entry + sex + pc1-4,0.90,0.58,1.38,6.22e-01,HLA-A + age_study_entry + sex + pc1-4 + disease_type + stage_grouped + sact_over6weeks_before_studyentry + current_sact,NA
BCORL1,ENSG00000085185,0.77,0.50,1.19,2.34e-01,0.7048,BCORL1 + age_study_entry + sex + pc1-4,0.81,0.52,1.25,3.39e-01,BCORL1 + age_study_entry + sex + pc1-4 + disease_type + stage_grouped + sact_over6weeks_before_studyentry + current_sact,NA
SBNO1,ENSG00000139697,0.87,0.69,1.09,2.34e-01,0.7048,SBNO1 + age_study_entry + sex + pc1-4,0.89,0.71,1.13,3.41e-01,SBNO1 + age_study_entry + sex + pc1-4 + disease_type + stage_grouped + sact_over6weeks_before_studyentry + current_sact,"previously reported germline VTE locus in GWAS studies (Ghouse et al, 2023)"
MUC4,ENSG00000145113,0.85,0.66,1.11,2.39e-01,0.7056,MUC4 + age_study_entry + sex + pc1-4,0.82,0.63,1.06,1.34e-01,MUC4 + age_study_entry + sex + pc1-4 + disease_type + stage_grouped + sact_over6weeks_before_studyentry + current_sact,NA
APC,ENSG00000134982,0.91,0.78,1.07,2.40e-01,0.7056,APC + age_study_entry + sex + pc1-4,0.78,0.62,0.98,3.52e-02,APC + age_study_entry + sex + pc1-4 + disease_type + stage_grouped + sact_over6weeks_before_studyentry + current_sact,NA
LMNA,ENSG00000160789,1.41,0.80,2.48,2.41e-01,0.7056,LMNA + age_study_entry + sex + pc1-4,1.41,0.80,2.50,2.38e-01,LMNA + age_study_entry + sex + pc1-4 + disease_type + stage_grouped + sact_over6weeks_before_studyentry + current_sact,NA
NTRK2,ENSG00000148053,0.70,0.39,1.27,2.41e-01,0.7056,NTRK2 + age_study_entry + sex + pc1-4,0.67,0.37,1.21,1.81e-01,NTRK2 + age_study_entry + sex + pc1-4 + disease_type + stage_grouped + sact_over6weeks_before_studyentry + current_sact,NA
IKZF3,ENSG00000161405,1.21,0.88,1.67,2.42e-01,0.7056,IKZF3 + age_study_entry + sex + pc1-4,1.03,0.75,1.43,8.48e-01,IKZF3 + age_study_entry + sex + pc1-4 + disease_type + stage_grouped + sact_over6weeks_before_studyentry + current_sact,NA
KAT6B,ENSG00000156650,0.74,0.45,1.22,2.42e-01,0.7056,KAT6B + age_study_entry + sex + pc1-4,0.73,0.44,1.20,2.12e-01,KAT6B + age_study_entry + sex + pc1-4 + disease_type + stage_grouped + sact_over6weeks_before_studyentry + current_sact,NA
CTNND1,ENSG00000198561,0.75,0.45,1.22,2.43e-01,0.7056,CTNND1 + age_study_entry + sex + pc1-4,0.75,0.46,1.24,2.63e-01,CTNND1 + age_study_entry + sex + pc1-4 + disease_type + stage_grouped + sact_over6weeks_before_studyentry + current_sact,NA
ABCA6,ENSG00000154262,0.74,0.44,1.23,2.46e-01,0.7087,ABCA6 + age_study_entry + sex + pc1-4,0.78,0.47,1.31,3.48e-01,ABCA6 + age_study_entry + sex + pc1-4 + disease_type + stage_grouped + sact_over6weeks_before_studyentry + current_sact,"previously reported germline VTE locus in GWAS studies (Klarin et al, 2019)"
AXIN2,ENSG00000168646,0.76,0.48,1.21,2.46e-01,0.7087,AXIN2 + age_study_entry + sex + pc1-4,0.81,0.51,1.30,3.94e-01,AXIN2 + age_study_entry + sex + pc1-4 + disease_type + stage_grouped + sact_over6weeks_before_studyentry + current_sact,NA
PTPRD,ENSG00000153707,1.13,0.92,1.38,2.48e-01,0.7122,PTPRD + age_study_entry + sex + pc1-4,0.97,0.79,1.19,7.40e-01,PTPRD + age_study_entry + sex + pc1-4 + disease_type + stage_grouped + sact_over6weeks_before_studyentry + current_sact,NA
HGF,ENSG00000019991,0.71,0.39,1.28,2.55e-01,0.7250,HGF + age_study_entry + sex + pc1-4,0.60,0.33,1.09,9.48e-02,HGF + age_study_entry + sex + pc1-4 + disease_type + stage_grouped + sact_over6weeks_before_studyentry + current_sact,NA
C4BPA,ENSG00000123838,1.30,0.83,2.05,2.56e-01,0.7250,C4BPA + age_study_entry + sex + pc1-4,1.28,0.82,2.02,2.81e-01,C4BPA + age_study_entry + sex + pc1-4 + disease_type + stage_grouped + sact_over6weeks_before_studyentry + current_sact,"previously reported germline VTE locus in GWAS studies (Lindstrom et al 2019; Klarin et al, 2019; Thibord et al, 2019)"
TENM2,ENSG00000145934,1.15,0.90,1.48,2.59e-01,0.7250,TENM2 + age_study_entry + sex + pc1-4,1.04,0.82,1.34,7.29e-01,TENM2 + age_study_entry + sex + pc1-4 + disease_type + stage_grouped + sact_over6weeks_before_studyentry + current_sact,NA
MAP3K13,ENSG00000073803,0.75,0.46,1.23,2.59e-01,0.7250,MAP3K13 + age_study_entry + sex + pc1-4,0.74,0.45,1.22,2.37e-01,MAP3K13 + age_study_entry + sex + pc1-4 + disease_type + stage_grouped + sact_over6weeks_before_studyentry + current_sact,NA
ERBB3,ENSG00000065361,0.78,0.51,1.20,2.60e-01,0.7250,ERBB3 + age_study_entry + sex + pc1-4,0.73,0.47,1.13,1.54e-01,ERBB3 + age_study_entry + sex + pc1-4 + disease_type + stage_grouped + sact_over6weeks_before_studyentry + current_sact,NA
SLC38A10,ENSG00000157637,0.88,0.70,1.10,2.65e-01,0.7250,SLC38A10 + age_study_entry + sex + pc1-4,0.87,0.69,1.08,2.11e-01,SLC38A10 + age_study_entry + sex + pc1-4 + disease_type + stage_grouped + sact_over6weeks_before_studyentry + current_sact,NA
RFX2,ENSG00000087903,1.33,0.80,2.22,2.68e-01,0.7250,RFX2 + age_study_entry + sex + pc1-4,1.33,0.80,2.21,2.78e-01,RFX2 + age_study_entry + sex + pc1-4 + disease_type + stage_grouped + sact_over6weeks_before_studyentry + current_sact,"previously reported germline VTE locus in GWAS studies (Thibord et al, 2022)"
RBFOX1,ENSG00000078328,1.10,0.93,1.32,2.69e-01,0.7250,RBFOX1 + age_study_entry + sex + pc1-4,1.03,0.86,1.23,7.70e-01,RBFOX1 + age_study_entry + sex + pc1-4 + disease_type + stage_grouped + sact_over6weeks_before_studyentry + current_sact,"previously reported germline VTE locus in GWAS studies (Thibord et al, 2022)"
FAT1,ENSG00000083857,0.84,0.61,1.15,2.70e-01,0.7250,FAT1 + age_study_entry + sex + pc1-4,0.89,0.65,1.22,4.70e-01,FAT1 + age_study_entry + sex + pc1-4 + disease_type + stage_grouped + sact_over6weeks_before_studyentry + current_sact,NA
TENM3,ENSG00000218336,0.86,0.66,1.12,2.71e-01,0.7250,TENM3 + age_study_entry + sex + pc1-4,0.86,0.66,1.11,2.47e-01,TENM3 + age_study_entry + sex + pc1-4 + disease_type + stage_grouped + sact_over6weeks_before_studyentry + current_sact,NA
FOXA1,ENSG00000129514,0.77,0.48,1.23,2.72e-01,0.7250,FOXA1 + age_study_entry + sex + pc1-4,1.24,0.77,1.99,3.85e-01,FOXA1 + age_study_entry + sex + pc1-4 + disease_type + stage_grouped + sact_over6weeks_before_studyentry + current_sact,NA
INTS4,ENSG00000149262,0.76,0.46,1.24,2.72e-01,0.7250,INTS4 + age_study_entry + sex + pc1-4,0.74,0.45,1.22,2.44e-01,INTS4 + age_study_entry + sex + pc1-4 + disease_type + stage_grouped + sact_over6weeks_before_studyentry + current_sact,"previously reported germline VTE locus in GWAS studies (Ghouse et al, 2023)"
SOS1,ENSG00000115904,0.74,0.43,1.27,2.74e-01,0.7250,SOS1 + age_study_entry + sex + pc1-4,0.76,0.44,1.31,3.21e-01,SOS1 + age_study_entry + sex + pc1-4 + disease_type + stage_grouped + sact_over6weeks_before_studyentry + current_sact,NA
NAV1,ENSG00000134369,0.77,0.47,1.24,2.74e-01,0.7250,NAV1 + age_study_entry + sex + pc1-4,0.78,0.48,1.27,3.17e-01,NAV1 + age_study_entry + sex + pc1-4 + disease_type + stage_grouped + sact_over6weeks_before_studyentry + current_sact,"previously reported germline VTE locus in GWAS studies (Ghouse et al, 2023)"
IKZF1,ENSG00000185811,1.27,0.83,1.96,2.75e-01,0.7250,IKZF1 + age_study_entry + sex + pc1-4,1.24,0.81,1.92,3.22e-01,IKZF1 + age_study_entry + sex + pc1-4 + disease_type + stage_grouped + sact_over6weeks_before_studyentry + current_sact,NA
PDGFRA,ENSG00000134853,0.73,0.41,1.29,2.77e-01,0.7250,PDGFRA + age_study_entry + sex + pc1-4,0.69,0.39,1.22,1.97e-01,PDGFRA + age_study_entry + sex + pc1-4 + disease_type + stage_grouped + sact_over6weeks_before_studyentry + current_sact,NA
PTPRF,ENSG00000142949,0.73,0.41,1.29,2.78e-01,0.7250,PTPRF + age_study_entry + sex + pc1-4,0.72,0.41,1.27,2.60e-01,PTPRF + age_study_entry + sex + pc1-4 + disease_type + stage_grouped + sact_over6weeks_before_studyentry + current_sact,"previously reported germline VTE locus in GWAS studies (He et al, 2024)"
NUP214,ENSG00000126883,0.75,0.44,1.27,2.79e-01,0.7250,NUP214 + age_study_entry + sex + pc1-4,0.79,0.46,1.33,3.72e-01,NUP214 + age_study_entry + sex + pc1-4 + disease_type + stage_grouped + sact_over6weeks_before_studyentry + current_sact,NA
SETD2,ENSG00000181555,0.85,0.62,1.15,2.79e-01,0.7250,SETD2 + age_study_entry + sex + pc1-4,0.84,0.62,1.15,2.83e-01,SETD2 + age_study_entry + sex + pc1-4 + disease_type + stage_grouped + sact_over6weeks_before_studyentry + current_sact,"previosly reported somatic VTE locus in cancer studies (Dunbar et al, 2021)"
KMT2D,ENSG00000167548,0.87,0.67,1.12,2.81e-01,0.7250,KMT2D + age_study_entry + sex + pc1-4,0.91,0.70,1.18,4.66e-01,KMT2D + age_study_entry + sex + pc1-4 + disease_type + stage_grouped + sact_over6weeks_before_studyentry + current_sact,NA
HYDIN,ENSG00000157423,1.15,0.89,1.47,2.82e-01,0.7250,HYDIN + age_study_entry + sex + pc1-4,1.14,0.89,1.46,3.06e-01,HYDIN + age_study_entry + sex + pc1-4 + disease_type + stage_grouped + sact_over6weeks_before_studyentry + current_sact,NA
NBEA,ENSG00000172915,0.87,0.68,1.12,2.83e-01,0.7250,NBEA + age_study_entry + sex + pc1-4,0.84,0.65,1.08,1.82e-01,NBEA + age_study_entry + sex + pc1-4 + disease_type + stage_grouped + sact_over6weeks_before_studyentry + current_sact,NA
ANK1,ENSG00000029534,0.85,0.63,1.15,2.83e-01,0.7250,ANK1 + age_study_entry + sex + pc1-4,0.80,0.59,1.08,1.42e-01,ANK1 + age_study_entry + sex + pc1-4 + disease_type + stage_grouped + sact_over6weeks_before_studyentry + current_sact,NA
CDK6,ENSG00000105810,1.35,0.78,2.33,2.83e-01,0.7250,CDK6 + age_study_entry + sex + pc1-4,1.22,0.70,2.11,4.82e-01,CDK6 + age_study_entry + sex + pc1-4 + disease_type + stage_grouped + sact_over6weeks_before_studyentry + current_sact,"previously reported germline VTE locus in GWAS studies (Thibord et al, 2022)"
SDK1,ENSG00000146555,0.86,0.66,1.13,2.84e-01,0.7250,SDK1 + age_study_entry + sex + pc1-4,0.80,0.61,1.04,9.70e-02,SDK1 + age_study_entry + sex + pc1-4 + disease_type + stage_grouped + sact_over6weeks_before_studyentry + current_sact,NA
BCAS3,ENSG00000141376,1.13,0.90,1.42,2.84e-01,0.7250,BCAS3 + age_study_entry + sex + pc1-4,1.09,0.86,1.37,4.75e-01,BCAS3 + age_study_entry + sex + pc1-4 + disease_type + stage_grouped + sact_over6weeks_before_studyentry + current_sact,NA
NRG1,ENSG00000157168,1.13,0.90,1.43,2.85e-01,0.7250,NRG1 + age_study_entry + sex + pc1-4,1.05,0.84,1.33,6.56e-01,NRG1 + age_study_entry + sex + pc1-4 + disease_type + stage_grouped + sact_over6weeks_before_studyentry + current_sact,NA
TET2,ENSG00000168769,1.22,0.84,1.77,2.87e-01,0.7268,TET2 + age_study_entry + sex + pc1-4,1.22,0.84,1.76,3.02e-01,TET2 + age_study_entry + sex + pc1-4 + disease_type + stage_grouped + sact_over6weeks_before_studyentry + current_sact,NA
JAK2,ENSG00000096968,0.74,0.43,1.28,2.88e-01,0.7268,JAK2 + age_study_entry + sex + pc1-4,0.74,0.43,1.27,2.72e-01,JAK2 + age_study_entry + sex + pc1-4 + disease_type + stage_grouped + sact_over6weeks_before_studyentry + current_sact,NA
STAG2,ENSG00000101972,1.18,0.87,1.59,2.92e-01,0.7321,STAG2 + age_study_entry + sex + pc1-4,1.15,0.85,1.57,3.65e-01,STAG2 + age_study_entry + sex + pc1-4 + disease_type + stage_grouped + sact_over6weeks_before_studyentry + current_sact,NA
MYO16,ENSG00000041515,1.15,0.89,1.49,2.93e-01,0.7321,MYO16 + age_study_entry + sex + pc1-4,1.09,0.84,1.41,5.22e-01,MYO16 + age_study_entry + sex + pc1-4 + disease_type + stage_grouped + sact_over6weeks_before_studyentry + current_sact,NA
ATXN2,ENSG00000204842,0.72,0.38,1.34,2.96e-01,0.7321,ATXN2 + age_study_entry + sex + pc1-4,0.73,0.39,1.36,3.17e-01,ATXN2 + age_study_entry + sex + pc1-4 + disease_type + stage_grouped + sact_over6weeks_before_studyentry + current_sact,"previously reported germline VTE locus in GWAS studies (Ghouse et al, 2023)"
MAML2,ENSG00000184384,0.76,0.46,1.27,2.96e-01,0.7321,MAML2 + age_study_entry + sex + pc1-4,0.76,0.45,1.26,2.83e-01,MAML2 + age_study_entry + sex + pc1-4 + disease_type + stage_grouped + sact_over6weeks_before_studyentry + current_sact,NA
DMD,ENSG00000198947,0.89,0.72,1.11,2.96e-01,0.7321,DMD + age_study_entry + sex + pc1-4,0.80,0.64,0.99,3.88e-02,DMD + age_study_entry + sex + pc1-4 + disease_type + stage_grouped + sact_over6weeks_before_studyentry + current_sact,NA
PBX1,ENSG00000185630,1.25,0.82,1.88,2.98e-01,0.7321,PBX1 + age_study_entry + sex + pc1-4,1.19,0.78,1.79,4.19e-01,PBX1 + age_study_entry + sex + pc1-4 + disease_type + stage_grouped + sact_over6weeks_before_studyentry + current_sact,NA
COL1A1,ENSG00000108821,0.82,0.56,1.20,2.99e-01,0.7321,COL1A1 + age_study_entry + sex + pc1-4,0.80,0.54,1.17,2.47e-01,COL1A1 + age_study_entry + sex + pc1-4 + disease_type + stage_grouped + sact_over6weeks_before_studyentry + current_sact,NA
BRIP1,ENSG00000136492,1.22,0.83,1.79,3.02e-01,0.7378,BRIP1 + age_study_entry + sex + pc1-4,1.18,0.80,1.73,4.10e-01,BRIP1 + age_study_entry + sex + pc1-4 + disease_type + stage_grouped + sact_over6weeks_before_studyentry + current_sact,NA
HLA-B,ENSG00000234745,0.77,0.47,1.26,3.04e-01,0.7378,HLA-B + age_study_entry + sex + pc1-4,0.90,0.55,1.48,6.87e-01,HLA-B + age_study_entry + sex + pc1-4 + disease_type + stage_grouped + sact_over6weeks_before_studyentry + current_sact,"previously reported germline VTE locus in GWAS studies (Thibord et al, 2022)"
ARHGAP26,ENSG00000145819,0.74,0.42,1.31,3.08e-01,0.7378,ARHGAP26 + age_study_entry + sex + pc1-4,0.67,0.38,1.18,1.67e-01,ARHGAP26 + age_study_entry + sex + pc1-4 + disease_type + stage_grouped + sact_over6weeks_before_studyentry + current_sact,NA
MET,ENSG00000105976,0.78,0.48,1.26,3.09e-01,0.7378,MET + age_study_entry + sex + pc1-4,0.70,0.44,1.14,1.54e-01,MET + age_study_entry + sex + pc1-4 + disease_type + stage_grouped + sact_over6weeks_before_studyentry + current_sact,"previosly reported somatic VTE locus in cancer studies (Dunbar et al, 2021)"
EIF3E,ENSG00000104408,1.34,0.76,2.37,3.09e-01,0.7378,EIF3E + age_study_entry + sex + pc1-4,1.31,0.74,2.32,3.54e-01,EIF3E + age_study_entry + sex + pc1-4 + disease_type + stage_grouped + sact_over6weeks_before_studyentry + current_sact,NA
GAS7,ENSG00000007237,0.78,0.48,1.26,3.12e-01,0.7378,GAS7 + age_study_entry + sex + pc1-4,0.75,0.46,1.21,2.41e-01,GAS7 + age_study_entry + sex + pc1-4 + disease_type + stage_grouped + sact_over6weeks_before_studyentry + current_sact,NA
DCC,ENSG00000187323,0.88,0.70,1.12,3.12e-01,0.7378,DCC + age_study_entry + sex + pc1-4,0.82,0.65,1.04,1.07e-01,DCC + age_study_entry + sex + pc1-4 + disease_type + stage_grouped + sact_over6weeks_before_studyentry + current_sact,NA
DCAF10,ENSG00000122741,0.87,0.66,1.14,3.12e-01,0.7378,DCAF10 + age_study_entry + sex + pc1-4,0.91,0.69,1.20,5.13e-01,DCAF10 + age_study_entry + sex + pc1-4 + disease_type + stage_grouped + sact_over6weeks_before_studyentry + current_sact,NA
CSMD1,ENSG00000183117,1.09,0.92,1.29,3.14e-01,0.7378,CSMD1 + age_study_entry + sex + pc1-4,0.99,0.84,1.17,9.24e-01,CSMD1 + age_study_entry + sex + pc1-4 + disease_type + stage_grouped + sact_over6weeks_before_studyentry + current_sact,NA
SMG6,ENSG00000070366,1.22,0.83,1.78,3.14e-01,0.7378,SMG6 + age_study_entry + sex + pc1-4,1.13,0.77,1.65,5.40e-01,SMG6 + age_study_entry + sex + pc1-4 + disease_type + stage_grouped + sact_over6weeks_before_studyentry + current_sact,"previously reported germline VTE locus in GWAS studies  (Klarin et al, 2019; Lindstrom et al, 2019; Thibord et al, 2022; Ghouse et al, 2023)"
BMPR1A,ENSG00000107779,0.76,0.45,1.29,3.15e-01,0.7378,BMPR1A + age_study_entry + sex + pc1-4,0.80,0.47,1.35,3.94e-01,BMPR1A + age_study_entry + sex + pc1-4 + disease_type + stage_grouped + sact_over6weeks_before_studyentry + current_sact,NA
PPARG,ENSG00000132170,1.29,0.79,2.11,3.16e-01,0.7378,PPARG + age_study_entry + sex + pc1-4,1.21,0.74,1.99,4.42e-01,PPARG + age_study_entry + sex + pc1-4 + disease_type + stage_grouped + sact_over6weeks_before_studyentry + current_sact,"previously reported germline VTE locus in GWAS studies (Thibord et al, 2022)"
GRK5,ENSG00000198873,1.29,0.79,2.11,3.18e-01,0.7378,GRK5 + age_study_entry + sex + pc1-4,1.24,0.75,2.03,4.00e-01,GRK5 + age_study_entry + sex + pc1-4 + disease_type + stage_grouped + sact_over6weeks_before_studyentry + current_sact,"previously reported germline VTE locus in GWAS studies (Lindstrom et al 2019; Klarin et al, 2019; Thibord et al, 2019; Ghouse et al, 2023)"
HIP1,ENSG00000127946,0.76,0.45,1.29,3.18e-01,0.7378,HIP1 + age_study_entry + sex + pc1-4,0.80,0.47,1.35,4.02e-01,HIP1 + age_study_entry + sex + pc1-4 + disease_type + stage_grouped + sact_over6weeks_before_studyentry + current_sact,NA
PLD5,ENSG00000180287,1.12,0.90,1.39,3.20e-01,0.7398,PLD5 + age_study_entry + sex + pc1-4,1.11,0.89,1.38,3.50e-01,PLD5 + age_study_entry + sex + pc1-4 + disease_type + stage_grouped + sact_over6weeks_before_studyentry + current_sact,NA
MN1,ENSG00000169184,0.76,0.44,1.31,3.25e-01,0.7441,MN1 + age_study_entry + sex + pc1-4,0.84,0.48,1.45,5.30e-01,MN1 + age_study_entry + sex + pc1-4 + disease_type + stage_grouped + sact_over6weeks_before_studyentry + current_sact,NA
GSK3B,ENSG00000082701,1.25,0.80,1.94,3.27e-01,0.7441,GSK3B + age_study_entry + sex + pc1-4,1.26,0.81,1.96,3.11e-01,GSK3B + age_study_entry + sex + pc1-4 + disease_type + stage_grouped + sact_over6weeks_before_studyentry + current_sact,NA
RANBP2,ENSG00000153201,0.78,0.47,1.29,3.27e-01,0.7441,RANBP2 + age_study_entry + sex + pc1-4,0.79,0.48,1.32,3.77e-01,RANBP2 + age_study_entry + sex + pc1-4 + disease_type + stage_grouped + sact_over6weeks_before_studyentry + current_sact,NA
DLG2,ENSG00000150672,1.10,0.91,1.34,3.27e-01,0.7441,DLG2 + age_study_entry + sex + pc1-4,0.97,0.80,1.19,7.99e-01,DLG2 + age_study_entry + sex + pc1-4 + disease_type + stage_grouped + sact_over6weeks_before_studyentry + current_sact,NA
DICER1,ENSG00000100697,0.76,0.44,1.32,3.28e-01,0.7441,DICER1 + age_study_entry + sex + pc1-4,0.78,0.45,1.36,3.88e-01,DICER1 + age_study_entry + sex + pc1-4 + disease_type + stage_grouped + sact_over6weeks_before_studyentry + current_sact,NA
PTPN11,ENSG00000179295,0.74,0.41,1.35,3.30e-01,0.7441,PTPN11 + age_study_entry + sex + pc1-4,0.69,0.38,1.26,2.27e-01,PTPN11 + age_study_entry + sex + pc1-4 + disease_type + stage_grouped + sact_over6weeks_before_studyentry + current_sact,NA
AR,ENSG00000169083,0.78,0.48,1.28,3.32e-01,0.7441,AR + age_study_entry + sex + pc1-4,0.79,0.48,1.29,3.39e-01,AR + age_study_entry + sex + pc1-4 + disease_type + stage_grouped + sact_over6weeks_before_studyentry + current_sact,NA
MAPT,ENSG00000186868,1.25,0.80,1.97,3.32e-01,0.7441,MAPT + age_study_entry + sex + pc1-4,1.18,0.75,1.86,4.80e-01,MAPT + age_study_entry + sex + pc1-4 + disease_type + stage_grouped + sact_over6weeks_before_studyentry + current_sact,"previously reported germline VTE locus in GWAS studies (Thibord et al, 2022)"
ATM,ENSG00000149311,0.87,0.65,1.15,3.33e-01,0.7441,ATM + age_study_entry + sex + pc1-4,0.84,0.63,1.12,2.33e-01,ATM + age_study_entry + sex + pc1-4 + disease_type + stage_grouped + sact_over6weeks_before_studyentry + current_sact,NA
FBXW7,ENSG00000109670,0.88,0.67,1.15,3.37e-01,0.7483,FBXW7 + age_study_entry + sex + pc1-4,0.90,0.68,1.18,4.40e-01,FBXW7 + age_study_entry + sex + pc1-4 + disease_type + stage_grouped + sact_over6weeks_before_studyentry + current_sact,NA
LRP4,ENSG00000134569,0.77,0.46,1.31,3.38e-01,0.7483,LRP4 + age_study_entry + sex + pc1-4,0.77,0.46,1.31,3.43e-01,LRP4 + age_study_entry + sex + pc1-4 + disease_type + stage_grouped + sact_over6weeks_before_studyentry + current_sact,"previously reported germline VTE locus in GWAS studies (Lindstrom et al, 2019)"
STAB2,ENSG00000136011,0.80,0.50,1.27,3.38e-01,0.7483,STAB2 + age_study_entry + sex + pc1-4,0.72,0.45,1.16,1.76e-01,STAB2 + age_study_entry + sex + pc1-4 + disease_type + stage_grouped + sact_over6weeks_before_studyentry + current_sact,"previously reported germline VTE locus in GWAS studies (Thibord et al, 2022; He et al, 2024)"
NEK1,ENSG00000137601,0.79,0.49,1.28,3.41e-01,0.7495,NEK1 + age_study_entry + sex + pc1-4,0.85,0.53,1.38,5.20e-01,NEK1 + age_study_entry + sex + pc1-4 + disease_type + stage_grouped + sact_over6weeks_before_studyentry + current_sact,"previously reported germline VTE locus in GWAS studies (He et al, 2024)"
BCR,ENSG00000186716,0.77,0.46,1.31,3.42e-01,0.7495,BCR + age_study_entry + sex + pc1-4,0.84,0.49,1.42,5.13e-01,BCR + age_study_entry + sex + pc1-4 + disease_type + stage_grouped + sact_over6weeks_before_studyentry + current_sact,NA
PTPRB,ENSG00000127329,1.16,0.85,1.57,3.45e-01,0.7495,PTPRB + age_study_entry + sex + pc1-4,1.05,0.77,1.43,7.47e-01,PTPRB + age_study_entry + sex + pc1-4 + disease_type + stage_grouped + sact_over6weeks_before_studyentry + current_sact,NA
SF3B1,ENSG00000115524,0.79,0.48,1.29,3.45e-01,0.7495,SF3B1 + age_study_entry + sex + pc1-4,0.81,0.49,1.33,4.00e-01,SF3B1 + age_study_entry + sex + pc1-4 + disease_type + stage_grouped + sact_over6weeks_before_studyentry + current_sact,NA
JAZF1,ENSG00000153814,0.77,0.44,1.33,3.46e-01,0.7495,JAZF1 + age_study_entry + sex + pc1-4,0.69,0.40,1.19,1.78e-01,JAZF1 + age_study_entry + sex + pc1-4 + disease_type + stage_grouped + sact_over6weeks_before_studyentry + current_sact,"previously reported germline VTE locus in GWAS studies (Ghouse et al, 2023)"
WNK2,ENSG00000165238,0.79,0.49,1.28,3.48e-01,0.7495,WNK2 + age_study_entry + sex + pc1-4,0.80,0.49,1.29,3.58e-01,WNK2 + age_study_entry + sex + pc1-4 + disease_type + stage_grouped + sact_over6weeks_before_studyentry + current_sact,NA
ZNRF3,ENSG00000183579,0.81,0.53,1.25,3.50e-01,0.7495,ZNRF3 + age_study_entry + sex + pc1-4,0.95,0.62,1.47,8.19e-01,ZNRF3 + age_study_entry + sex + pc1-4 + disease_type + stage_grouped + sact_over6weeks_before_studyentry + current_sact,NA
IRS4,ENSG00000133124,0.76,0.43,1.35,3.53e-01,0.7495,IRS4 + age_study_entry + sex + pc1-4,0.93,0.52,1.65,7.98e-01,IRS4 + age_study_entry + sex + pc1-4 + disease_type + stage_grouped + sact_over6weeks_before_studyentry + current_sact,NA
LHFPL6,ENSG00000183722,1.25,0.78,1.98,3.55e-01,0.7495,LHFPL6 + age_study_entry + sex + pc1-4,1.16,0.73,1.86,5.23e-01,LHFPL6 + age_study_entry + sex + pc1-4 + disease_type + stage_grouped + sact_over6weeks_before_studyentry + current_sact,NA
FAT4,ENSG00000196159,0.87,0.65,1.17,3.56e-01,0.7495,FAT4 + age_study_entry + sex + pc1-4,0.88,0.65,1.19,3.94e-01,FAT4 + age_study_entry + sex + pc1-4 + disease_type + stage_grouped + sact_over6weeks_before_studyentry + current_sact,NA
AKAP9,ENSG00000127914,0.85,0.61,1.20,3.57e-01,0.7495,AKAP9 + age_study_entry + sex + pc1-4,0.90,0.64,1.27,5.46e-01,AKAP9 + age_study_entry + sex + pc1-4 + disease_type + stage_grouped + sact_over6weeks_before_studyentry + current_sact,NA
PTPRO,ENSG00000151490,0.89,0.69,1.14,3.57e-01,0.7495,PTPRO + age_study_entry + sex + pc1-4,0.86,0.67,1.10,2.25e-01,PTPRO + age_study_entry + sex + pc1-4 + disease_type + stage_grouped + sact_over6weeks_before_studyentry + current_sact,NA
ZMYM2,ENSG00000121741,0.84,0.58,1.22,3.57e-01,0.7495,ZMYM2 + age_study_entry + sex + pc1-4,0.92,0.63,1.34,6.56e-01,ZMYM2 + age_study_entry + sex + pc1-4 + disease_type + stage_grouped + sact_over6weeks_before_studyentry + current_sact,NA
PIK3CB,ENSG00000051382,0.77,0.45,1.34,3.58e-01,0.7495,PIK3CB + age_study_entry + sex + pc1-4,0.80,0.46,1.38,4.17e-01,PIK3CB + age_study_entry + sex + pc1-4 + disease_type + stage_grouped + sact_over6weeks_before_studyentry + current_sact,"previously reported germline VTE locus in GWAS studies (Thibord et al, 2022)"
ZFHX4,ENSG00000091656,0.89,0.70,1.14,3.59e-01,0.7495,ZFHX4 + age_study_entry + sex + pc1-4,0.86,0.67,1.10,2.24e-01,ZFHX4 + age_study_entry + sex + pc1-4 + disease_type + stage_grouped + sact_over6weeks_before_studyentry + current_sact,NA
LNPEP,ENSG00000113441,0.76,0.42,1.37,3.61e-01,0.7495,LNPEP + age_study_entry + sex + pc1-4,0.87,0.48,1.58,6.50e-01,LNPEP + age_study_entry + sex + pc1-4 + disease_type + stage_grouped + sact_over6weeks_before_studyentry + current_sact,"previously reported germline VTE locus in GWAS studies (Thibord et al, 2022; Ghouse et al, 2023)"
NFATC2,ENSG00000101096,0.80,0.51,1.28,3.61e-01,0.7495,NFATC2 + age_study_entry + sex + pc1-4,0.80,0.50,1.27,3.45e-01,NFATC2 + age_study_entry + sex + pc1-4 + disease_type + stage_grouped + sact_over6weeks_before_studyentry + current_sact,NA
FAT3,ENSG00000165323,0.89,0.70,1.14,3.62e-01,0.7495,FAT3 + age_study_entry + sex + pc1-4,0.88,0.68,1.12,2.96e-01,FAT3 + age_study_entry + sex + pc1-4 + disease_type + stage_grouped + sact_over6weeks_before_studyentry + current_sact,NA
FOXP1,ENSG00000114861,1.16,0.85,1.58,3.62e-01,0.7495,FOXP1 + age_study_entry + sex + pc1-4,1.21,0.88,1.65,2.37e-01,FOXP1 + age_study_entry + sex + pc1-4 + disease_type + stage_grouped + sact_over6weeks_before_studyentry + current_sact,NA
TP53BP1,ENSG00000067369,0.80,0.49,1.31,3.70e-01,0.7565,TP53BP1 + age_study_entry + sex + pc1-4,0.82,0.50,1.35,4.35e-01,TP53BP1 + age_study_entry + sex + pc1-4 + disease_type + stage_grouped + sact_over6weeks_before_studyentry + current_sact,"previously reported germline VTE locus in GWAS studies (Klarin et al, 2019)"
DCHS2,ENSG00000197410,0.78,0.45,1.35,3.70e-01,0.7565,DCHS2 + age_study_entry + sex + pc1-4,0.76,0.44,1.32,3.37e-01,DCHS2 + age_study_entry + sex + pc1-4 + disease_type + stage_grouped + sact_over6weeks_before_studyentry + current_sact,"previously reported germline VTE locus in GWAS studies (Thibord et al, 2019)"
PER1,ENSG00000179094,1.33,0.71,2.48,3.72e-01,0.7565,PER1 + age_study_entry + sex + pc1-4,1.34,0.72,2.50,3.64e-01,PER1 + age_study_entry + sex + pc1-4 + disease_type + stage_grouped + sact_over6weeks_before_studyentry + current_sact,NA
HCN1,ENSG00000164588,1.11,0.89,1.38,3.73e-01,0.7565,HCN1 + age_study_entry + sex + pc1-4,1.05,0.84,1.32,6.64e-01,HCN1 + age_study_entry + sex + pc1-4 + disease_type + stage_grouped + sact_over6weeks_before_studyentry + current_sact,NA
RYR3,ENSG00000198838,0.88,0.67,1.16,3.73e-01,0.7565,RYR3 + age_study_entry + sex + pc1-4,0.89,0.67,1.17,3.93e-01,RYR3 + age_study_entry + sex + pc1-4 + disease_type + stage_grouped + sact_over6weeks_before_studyentry + current_sact,NA
FNBP1,ENSG00000187239,1.25,0.76,2.05,3.73e-01,0.7565,FNBP1 + age_study_entry + sex + pc1-4,1.15,0.70,1.89,5.81e-01,FNBP1 + age_study_entry + sex + pc1-4 + disease_type + stage_grouped + sact_over6weeks_before_studyentry + current_sact,NA
IL6ST,ENSG00000134352,1.27,0.75,2.15,3.77e-01,0.7587,IL6ST + age_study_entry + sex + pc1-4,1.38,0.81,2.34,2.36e-01,IL6ST + age_study_entry + sex + pc1-4 + disease_type + stage_grouped + sact_over6weeks_before_studyentry + current_sact,NA
PRDM16,ENSG00000142611,1.15,0.84,1.56,3.78e-01,0.7587,PRDM16 + age_study_entry + sex + pc1-4,1.10,0.81,1.50,5.41e-01,PRDM16 + age_study_entry + sex + pc1-4 + disease_type + stage_grouped + sact_over6weeks_before_studyentry + current_sact,NA
COL2A1,ENSG00000139219,0.79,0.47,1.34,3.79e-01,0.7587,COL2A1 + age_study_entry + sex + pc1-4,0.77,0.45,1.31,3.32e-01,COL2A1 + age_study_entry + sex + pc1-4 + disease_type + stage_grouped + sact_over6weeks_before_studyentry + current_sact,NA
TGFB2,ENSG00000092969,0.76,0.41,1.41,3.79e-01,0.7587,TGFB2 + age_study_entry + sex + pc1-4,0.72,0.38,1.34,2.96e-01,TGFB2 + age_study_entry + sex + pc1-4 + disease_type + stage_grouped + sact_over6weeks_before_studyentry + current_sact,"previously reported germline VTE locus in GWAS studies (Ghouse et al, 2023)"
SALL4,ENSG00000101115,0.80,0.48,1.33,3.81e-01,0.7588,SALL4 + age_study_entry + sex + pc1-4,0.88,0.53,1.48,6.39e-01,SALL4 + age_study_entry + sex + pc1-4 + disease_type + stage_grouped + sact_over6weeks_before_studyentry + current_sact,NA
FER,ENSG00000151422,0.86,0.61,1.21,3.83e-01,0.7590,FER + age_study_entry + sex + pc1-4,0.88,0.62,1.25,4.75e-01,FER + age_study_entry + sex + pc1-4 + disease_type + stage_grouped + sact_over6weeks_before_studyentry + current_sact,"previously reported germline VTE locus in GWAS studies (Ghouse et al, 2023)"
AEBP2,ENSG00000139154,1.30,0.72,2.36,3.83e-01,0.7590,AEBP2 + age_study_entry + sex + pc1-4,1.19,0.66,2.16,5.62e-01,AEBP2 + age_study_entry + sex + pc1-4 + disease_type + stage_grouped + sact_over6weeks_before_studyentry + current_sact,"previously reported germline VTE locus in GWAS studies (Ghouse et al, 2023)"
CBLB,ENSG00000114423,0.81,0.50,1.31,3.85e-01,0.7592,CBLB + age_study_entry + sex + pc1-4,0.73,0.45,1.17,1.91e-01,CBLB + age_study_entry + sex + pc1-4 + disease_type + stage_grouped + sact_over6weeks_before_studyentry + current_sact,NA
GRM8,ENSG00000179603,1.11,0.88,1.41,3.91e-01,0.7630,GRM8 + age_study_entry + sex + pc1-4,1.04,0.82,1.31,7.72e-01,GRM8 + age_study_entry + sex + pc1-4 + disease_type + stage_grouped + sact_over6weeks_before_studyentry + current_sact,NA
EYS,ENSG00000188107,1.07,0.91,1.27,3.92e-01,0.7630,EYS + age_study_entry + sex + pc1-4,0.96,0.81,1.14,6.51e-01,EYS + age_study_entry + sex + pc1-4 + disease_type + stage_grouped + sact_over6weeks_before_studyentry + current_sact,NA
ALK,ENSG00000171094,1.15,0.84,1.56,3.93e-01,0.7630,ALK + age_study_entry + sex + pc1-4,1.09,0.80,1.49,5.90e-01,ALK + age_study_entry + sex + pc1-4 + disease_type + stage_grouped + sact_over6weeks_before_studyentry + current_sact,"previously reported somatic VTE locus in cancer studies (Lanting et al, 2025)"
CSMD3,ENSG00000164796,1.08,0.91,1.29,3.94e-01,0.7630,CSMD3 + age_study_entry + sex + pc1-4,0.97,0.81,1.15,6.95e-01,CSMD3 + age_study_entry + sex + pc1-4 + disease_type + stage_grouped + sact_over6weeks_before_studyentry + current_sact,NA
GRID2,ENSG00000152208,1.11,0.87,1.41,3.94e-01,0.7630,GRID2 + age_study_entry + sex + pc1-4,1.00,0.79,1.27,9.82e-01,GRID2 + age_study_entry + sex + pc1-4 + disease_type + stage_grouped + sact_over6weeks_before_studyentry + current_sact,NA
KDM6A,ENSG00000147050,1.13,0.85,1.50,3.94e-01,0.7630,KDM6A + age_study_entry + sex + pc1-4,1.15,0.86,1.54,3.56e-01,KDM6A + age_study_entry + sex + pc1-4 + disease_type + stage_grouped + sact_over6weeks_before_studyentry + current_sact,NA
HSP90AB1,ENSG00000096384,0.76,0.41,1.42,3.98e-01,0.7630,HSP90AB1 + age_study_entry + sex + pc1-4,0.80,0.43,1.49,4.79e-01,HSP90AB1 + age_study_entry + sex + pc1-4 + disease_type + stage_grouped + sact_over6weeks_before_studyentry + current_sact,NA
CHD2,ENSG00000173575,1.15,0.83,1.59,3.98e-01,0.7630,CHD2 + age_study_entry + sex + pc1-4,1.19,0.86,1.65,2.86e-01,CHD2 + age_study_entry + sex + pc1-4 + disease_type + stage_grouped + sact_over6weeks_before_studyentry + current_sact,NA
GRIK2,ENSG00000164418,0.89,0.68,1.16,3.98e-01,0.7630,GRIK2 + age_study_entry + sex + pc1-4,0.90,0.69,1.17,4.33e-01,GRIK2 + age_study_entry + sex + pc1-4 + disease_type + stage_grouped + sact_over6weeks_before_studyentry + current_sact,NA
MYH9,ENSG00000100345,1.15,0.84,1.57,4.00e-01,0.7630,MYH9 + age_study_entry + sex + pc1-4,1.09,0.80,1.50,5.87e-01,MYH9 + age_study_entry + sex + pc1-4 + disease_type + stage_grouped + sact_over6weeks_before_studyentry + current_sact,NA
AFDN,ENSG00000130396,0.83,0.53,1.29,4.00e-01,0.7630,AFDN + age_study_entry + sex + pc1-4,0.84,0.54,1.30,4.30e-01,AFDN + age_study_entry + sex + pc1-4 + disease_type + stage_grouped + sact_over6weeks_before_studyentry + current_sact,NA
RSPO2,ENSG00000147655,1.21,0.77,1.88,4.09e-01,0.7754,RSPO2 + age_study_entry + sex + pc1-4,1.12,0.72,1.74,6.19e-01,RSPO2 + age_study_entry + sex + pc1-4 + disease_type + stage_grouped + sact_over6weeks_before_studyentry + current_sact,NA
NOTCH2,ENSG00000134250,0.83,0.52,1.30,4.09e-01,0.7754,NOTCH2 + age_study_entry + sex + pc1-4,0.76,0.48,1.20,2.37e-01,NOTCH2 + age_study_entry + sex + pc1-4 + disease_type + stage_grouped + sact_over6weeks_before_studyentry + current_sact,NA
DDR2,ENSG00000162733,1.16,0.81,1.64,4.16e-01,0.7863,DDR2 + age_study_entry + sex + pc1-4,0.98,0.69,1.39,9.07e-01,DDR2 + age_study_entry + sex + pc1-4 + disease_type + stage_grouped + sact_over6weeks_before_studyentry + current_sact,NA
KAT6A,ENSG00000083168,0.85,0.57,1.27,4.20e-01,0.7900,KAT6A + age_study_entry + sex + pc1-4,0.84,0.56,1.26,4.03e-01,KAT6A + age_study_entry + sex + pc1-4 + disease_type + stage_grouped + sact_over6weeks_before_studyentry + current_sact,NA
ROBO1,ENSG00000169855,1.10,0.87,1.38,4.21e-01,0.7900,ROBO1 + age_study_entry + sex + pc1-4,1.05,0.83,1.32,6.90e-01,ROBO1 + age_study_entry + sex + pc1-4 + disease_type + stage_grouped + sact_over6weeks_before_studyentry + current_sact,NA
CTNND2,ENSG00000169862,1.09,0.89,1.33,4.24e-01,0.7923,CTNND2 + age_study_entry + sex + pc1-4,1.00,0.82,1.23,9.64e-01,CTNND2 + age_study_entry + sex + pc1-4 + disease_type + stage_grouped + sact_over6weeks_before_studyentry + current_sact,NA
TTN,ENSG00000155657,1.07,0.91,1.25,4.26e-01,0.7923,TTN + age_study_entry + sex + pc1-4,0.98,0.83,1.15,7.79e-01,TTN + age_study_entry + sex + pc1-4 + disease_type + stage_grouped + sact_over6weeks_before_studyentry + current_sact,NA
ELF3,ENSG00000163435,0.80,0.46,1.38,4.27e-01,0.7923,ELF3 + age_study_entry + sex + pc1-4,0.87,0.50,1.52,6.27e-01,ELF3 + age_study_entry + sex + pc1-4 + disease_type + stage_grouped + sact_over6weeks_before_studyentry + current_sact,NA
TSC1,ENSG00000165699,0.83,0.52,1.32,4.27e-01,0.7923,TSC1 + age_study_entry + sex + pc1-4,0.82,0.51,1.31,3.97e-01,TSC1 + age_study_entry + sex + pc1-4 + disease_type + stage_grouped + sact_over6weeks_before_studyentry + current_sact,NA
MYO7B,ENSG00000169994,0.83,0.53,1.31,4.30e-01,0.7939,MYO7B + age_study_entry + sex + pc1-4,0.88,0.56,1.39,5.86e-01,MYO7B + age_study_entry + sex + pc1-4 + disease_type + stage_grouped + sact_over6weeks_before_studyentry + current_sact,"previously reported germline VTE locus in GWAS studies (He et al, 2024)"
CDH10,ENSG00000040731,0.87,0.62,1.22,4.31e-01,0.7945,CDH10 + age_study_entry + sex + pc1-4,0.82,0.58,1.15,2.45e-01,CDH10 + age_study_entry + sex + pc1-4 + disease_type + stage_grouped + sact_over6weeks_before_studyentry + current_sact,NA
PPP2R1A,ENSG00000105568,1.19,0.77,1.83,4.33e-01,0.7956,PPP2R1A + age_study_entry + sex + pc1-4,0.95,0.61,1.49,8.33e-01,PPP2R1A + age_study_entry + sex + pc1-4 + disease_type + stage_grouped + sact_over6weeks_before_studyentry + current_sact,NA
IL21R,ENSG00000103522,1.22,0.74,1.99,4.37e-01,0.7998,IL21R + age_study_entry + sex + pc1-4,1.24,0.76,2.04,3.95e-01,IL21R + age_study_entry + sex + pc1-4 + disease_type + stage_grouped + sact_over6weeks_before_studyentry + current_sact,NA
POLQ,ENSG00000051341,0.84,0.55,1.30,4.39e-01,0.8022,POLQ + age_study_entry + sex + pc1-4,0.88,0.57,1.35,5.48e-01,POLQ + age_study_entry + sex + pc1-4 + disease_type + stage_grouped + sact_over6weeks_before_studyentry + current_sact,NA
TNRC18,ENSG00000182095,0.88,0.62,1.23,4.44e-01,0.8086,TNRC18 + age_study_entry + sex + pc1-4,0.93,0.66,1.32,6.98e-01,TNRC18 + age_study_entry + sex + pc1-4 + disease_type + stage_grouped + sact_over6weeks_before_studyentry + current_sact,NA
PLAG1,ENSG00000181690,0.78,0.42,1.46,4.46e-01,0.8086,PLAG1 + age_study_entry + sex + pc1-4,0.84,0.45,1.56,5.72e-01,PLAG1 + age_study_entry + sex + pc1-4 + disease_type + stage_grouped + sact_over6weeks_before_studyentry + current_sact,NA
TSC2,ENSG00000103197,0.82,0.49,1.37,4.47e-01,0.8087,TSC2 + age_study_entry + sex + pc1-4,0.77,0.46,1.28,3.14e-01,TSC2 + age_study_entry + sex + pc1-4 + disease_type + stage_grouped + sact_over6weeks_before_studyentry + current_sact,NA
PTCH1,ENSG00000185920,0.85,0.55,1.30,4.50e-01,0.8114,PTCH1 + age_study_entry + sex + pc1-4,0.94,0.61,1.46,7.88e-01,PTCH1 + age_study_entry + sex + pc1-4 + disease_type + stage_grouped + sact_over6weeks_before_studyentry + current_sact,NA
EML4,ENSG00000143924,1.17,0.77,1.79,4.55e-01,0.8161,EML4 + age_study_entry + sex + pc1-4,1.03,0.67,1.58,8.88e-01,EML4 + age_study_entry + sex + pc1-4 + disease_type + stage_grouped + sact_over6weeks_before_studyentry + current_sact,NA
MYLK,ENSG00000065534,1.10,0.86,1.40,4.55e-01,0.8161,MYLK + age_study_entry + sex + pc1-4,0.92,0.72,1.18,5.21e-01,MYLK + age_study_entry + sex + pc1-4 + disease_type + stage_grouped + sact_over6weeks_before_studyentry + current_sact,NA
PTPRT,ENSG00000196090,1.08,0.89,1.31,4.60e-01,0.8161,PTPRT + age_study_entry + sex + pc1-4,0.97,0.79,1.18,7.30e-01,PTPRT + age_study_entry + sex + pc1-4 + disease_type + stage_grouped + sact_over6weeks_before_studyentry + current_sact,NA
SPECC1,ENSG00000128487,0.88,0.64,1.23,4.62e-01,0.8161,SPECC1 + age_study_entry + sex + pc1-4,0.88,0.63,1.23,4.54e-01,SPECC1 + age_study_entry + sex + pc1-4 + disease_type + stage_grouped + sact_over6weeks_before_studyentry + current_sact,NA
BRCA1,ENSG00000012048,0.82,0.48,1.39,4.63e-01,0.8161,BRCA1 + age_study_entry + sex + pc1-4,0.78,0.46,1.32,3.54e-01,BRCA1 + age_study_entry + sex + pc1-4 + disease_type + stage_grouped + sact_over6weeks_before_studyentry + current_sact,NA
JAK3,ENSG00000105639,1.23,0.71,2.12,4.64e-01,0.8161,JAK3 + age_study_entry + sex + pc1-4,1.10,0.64,1.90,7.32e-01,JAK3 + age_study_entry + sex + pc1-4 + disease_type + stage_grouped + sact_over6weeks_before_studyentry + current_sact,NA
F5,ENSG00000198734,0.82,0.47,1.41,4.65e-01,0.8161,F5 + age_study_entry + sex + pc1-4,0.81,0.47,1.39,4.40e-01,F5 + age_study_entry + sex + pc1-4 + disease_type + stage_grouped + sact_over6weeks_before_studyentry + current_sact,"previously reported germline VTE locus in GWAS studies (Klarin et al, 2019; Lindstrom et al, 2019; Thibord et al, 2022; Ghouse et al, 2023)"
CLTCL1,ENSG00000070371,1.20,0.74,1.93,4.66e-01,0.8161,CLTCL1 + age_study_entry + sex + pc1-4,1.11,0.69,1.80,6.72e-01,CLTCL1 + age_study_entry + sex + pc1-4 + disease_type + stage_grouped + sact_over6weeks_before_studyentry + current_sact,NA
TTC28,ENSG00000100154,1.05,0.92,1.19,4.66e-01,0.8161,TTC28 + age_study_entry + sex + pc1-4,0.99,0.87,1.14,9.32e-01,TTC28 + age_study_entry + sex + pc1-4 + disease_type + stage_grouped + sact_over6weeks_before_studyentry + current_sact,NA
DNAH5,ENSG00000039139,0.91,0.70,1.18,4.67e-01,0.8161,DNAH5 + age_study_entry + sex + pc1-4,0.83,0.64,1.09,1.76e-01,DNAH5 + age_study_entry + sex + pc1-4 + disease_type + stage_grouped + sact_over6weeks_before_studyentry + current_sact,NA
AMBRA1,ENSG00000110497,1.16,0.78,1.72,4.67e-01,0.8161,AMBRA1 + age_study_entry + sex + pc1-4,1.06,0.71,1.57,7.90e-01,AMBRA1 + age_study_entry + sex + pc1-4 + disease_type + stage_grouped + sact_over6weeks_before_studyentry + current_sact,"previously reported germline VTE locus in GWAS studies (Klarin et al, 2019)"
ZBTB7B,ENSG00000160685,1.26,0.68,2.35,4.69e-01,0.8162,ZBTB7B + age_study_entry + sex + pc1-4,1.32,0.70,2.48,3.85e-01,ZBTB7B + age_study_entry + sex + pc1-4 + disease_type + stage_grouped + sact_over6weeks_before_studyentry + current_sact,"previously reported germline VTE locus in GWAS studies (Ghouse et al, 2023)"
FLNA,ENSG00000196924,0.82,0.49,1.40,4.71e-01,0.8178,FLNA + age_study_entry + sex + pc1-4,0.81,0.48,1.39,4.48e-01,FLNA + age_study_entry + sex + pc1-4 + disease_type + stage_grouped + sact_over6weeks_before_studyentry + current_sact,NA
CREBBP,ENSG00000005339,0.90,0.67,1.21,4.74e-01,0.8193,CREBBP + age_study_entry + sex + pc1-4,0.90,0.67,1.22,5.09e-01,CREBBP + age_study_entry + sex + pc1-4 + disease_type + stage_grouped + sact_over6weeks_before_studyentry + current_sact,NA
EXT1,ENSG00000182197,0.85,0.54,1.33,4.75e-01,0.8193,EXT1 + age_study_entry + sex + pc1-4,0.87,0.55,1.37,5.52e-01,EXT1 + age_study_entry + sex + pc1-4 + disease_type + stage_grouped + sact_over6weeks_before_studyentry + current_sact,NA
PPM1D,ENSG00000170836,0.84,0.52,1.36,4.76e-01,0.8193,PPM1D + age_study_entry + sex + pc1-4,0.82,0.51,1.33,4.31e-01,PPM1D + age_study_entry + sex + pc1-4 + disease_type + stage_grouped + sact_over6weeks_before_studyentry + current_sact,NA
KDM5C,ENSG00000126012,0.85,0.53,1.35,4.79e-01,0.8193,KDM5C + age_study_entry + sex + pc1-4,0.86,0.54,1.39,5.45e-01,KDM5C + age_study_entry + sex + pc1-4 + disease_type + stage_grouped + sact_over6weeks_before_studyentry + current_sact,NA
CRTC1,ENSG00000105662,1.19,0.74,1.92,4.80e-01,0.8193,CRTC1 + age_study_entry + sex + pc1-4,1.20,0.74,1.93,4.66e-01,CRTC1 + age_study_entry + sex + pc1-4 + disease_type + stage_grouped + sact_over6weeks_before_studyentry + current_sact,NA
RYR1,ENSG00000196218,0.93,0.76,1.14,4.80e-01,0.8193,RYR1 + age_study_entry + sex + pc1-4,0.91,0.74,1.11,3.41e-01,RYR1 + age_study_entry + sex + pc1-4 + disease_type + stage_grouped + sact_over6weeks_before_studyentry + current_sact,NA
GATA3,ENSG00000107485,0.90,0.68,1.20,4.85e-01,0.8193,GATA3 + age_study_entry + sex + pc1-4,1.14,0.85,1.54,3.78e-01,GATA3 + age_study_entry + sex + pc1-4 + disease_type + stage_grouped + sact_over6weeks_before_studyentry + current_sact,NA
ADGRB3,ENSG00000135298,0.91,0.71,1.18,4.85e-01,0.8193,ADGRB3 + age_study_entry + sex + pc1-4,0.83,0.64,1.08,1.66e-01,ADGRB3 + age_study_entry + sex + pc1-4 + disease_type + stage_grouped + sact_over6weeks_before_studyentry + current_sact,NA
AFF1,ENSG00000172493,1.19,0.73,1.95,4.85e-01,0.8193,AFF1 + age_study_entry + sex + pc1-4,1.03,0.63,1.70,8.93e-01,AFF1 + age_study_entry + sex + pc1-4 + disease_type + stage_grouped + sact_over6weeks_before_studyentry + current_sact,NA
DDR1,ENSG00000204580,0.93,0.75,1.15,4.86e-01,0.8193,DDR1 + age_study_entry + sex + pc1-4,0.93,0.75,1.15,5.10e-01,DDR1 + age_study_entry + sex + pc1-4 + disease_type + stage_grouped + sact_over6weeks_before_studyentry + current_sact,NA
MUC16,ENSG00000181143,0.90,0.67,1.21,4.86e-01,0.8193,MUC16 + age_study_entry + sex + pc1-4,0.82,0.61,1.11,1.94e-01,MUC16 + age_study_entry + sex + pc1-4 + disease_type + stage_grouped + sact_over6weeks_before_studyentry + current_sact,NA
KCNMA1,ENSG00000156113,0.91,0.70,1.19,4.88e-01,0.8194,KCNMA1 + age_study_entry + sex + pc1-4,0.89,0.68,1.17,4.13e-01,KCNMA1 + age_study_entry + sex + pc1-4 + disease_type + stage_grouped + sact_over6weeks_before_studyentry + current_sact,NA
DPP6,ENSG00000130226,0.92,0.73,1.17,5.04e-01,0.8431,DPP6 + age_study_entry + sex + pc1-4,0.89,0.70,1.14,3.61e-01,DPP6 + age_study_entry + sex + pc1-4 + disease_type + stage_grouped + sact_over6weeks_before_studyentry + current_sact,NA
SMARCA4,ENSG00000127616,0.89,0.63,1.25,5.07e-01,0.8431,SMARCA4 + age_study_entry + sex + pc1-4,0.82,0.58,1.16,2.63e-01,SMARCA4 + age_study_entry + sex + pc1-4 + disease_type + stage_grouped + sact_over6weeks_before_studyentry + current_sact,NA
THRAP3,ENSG00000054118,0.83,0.48,1.44,5.09e-01,0.8431,THRAP3 + age_study_entry + sex + pc1-4,0.80,0.46,1.38,4.13e-01,THRAP3 + age_study_entry + sex + pc1-4 + disease_type + stage_grouped + sact_over6weeks_before_studyentry + current_sact,NA
FBLN2,ENSG00000163520,0.82,0.45,1.48,5.10e-01,0.8431,FBLN2 + age_study_entry + sex + pc1-4,0.84,0.47,1.53,5.79e-01,FBLN2 + age_study_entry + sex + pc1-4 + disease_type + stage_grouped + sact_over6weeks_before_studyentry + current_sact,NA
RARA,ENSG00000131759,1.19,0.71,1.98,5.11e-01,0.8431,RARA + age_study_entry + sex + pc1-4,1.05,0.63,1.75,8.49e-01,RARA + age_study_entry + sex + pc1-4 + disease_type + stage_grouped + sact_over6weeks_before_studyentry + current_sact,NA
LATS1,ENSG00000131023,1.13,0.78,1.64,5.12e-01,0.8431,LATS1 + age_study_entry + sex + pc1-4,1.06,0.74,1.54,7.40e-01,LATS1 + age_study_entry + sex + pc1-4 + disease_type + stage_grouped + sact_over6weeks_before_studyentry + current_sact,NA
SKI,ENSG00000157933,1.22,0.67,2.21,5.13e-01,0.8431,SKI + age_study_entry + sex + pc1-4,1.13,0.62,2.05,6.86e-01,SKI + age_study_entry + sex + pc1-4 + disease_type + stage_grouped + sact_over6weeks_before_studyentry + current_sact,NA
POLD1,ENSG00000062822,0.86,0.55,1.35,5.13e-01,0.8431,POLD1 + age_study_entry + sex + pc1-4,0.86,0.55,1.36,5.30e-01,POLD1 + age_study_entry + sex + pc1-4 + disease_type + stage_grouped + sact_over6weeks_before_studyentry + current_sact,NA
RUNX1T1,ENSG00000079102,0.87,0.58,1.32,5.21e-01,0.8519,RUNX1T1 + age_study_entry + sex + pc1-4,0.82,0.54,1.24,3.48e-01,RUNX1T1 + age_study_entry + sex + pc1-4 + disease_type + stage_grouped + sact_over6weeks_before_studyentry + current_sact,NA
RBPMS,ENSG00000157110,1.17,0.72,1.92,5.22e-01,0.8519,RBPMS + age_study_entry + sex + pc1-4,1.06,0.65,1.74,8.14e-01,RBPMS + age_study_entry + sex + pc1-4 + disease_type + stage_grouped + sact_over6weeks_before_studyentry + current_sact,"previously reported germline VTE locus in GWAS studies (Thibord et al, 2022)"
PCM1,ENSG00000078674,0.82,0.45,1.49,5.23e-01,0.8519,PCM1 + age_study_entry + sex + pc1-4,0.80,0.44,1.45,4.59e-01,PCM1 + age_study_entry + sex + pc1-4 + disease_type + stage_grouped + sact_over6weeks_before_studyentry + current_sact,NA
ZMYM3,ENSG00000147130,0.85,0.52,1.40,5.29e-01,0.8568,ZMYM3 + age_study_entry + sex + pc1-4,1.01,0.62,1.67,9.60e-01,ZMYM3 + age_study_entry + sex + pc1-4 + disease_type + stage_grouped + sact_over6weeks_before_studyentry + current_sact,NA
A2ML1,ENSG00000166535,1.21,0.67,2.19,5.29e-01,0.8568,A2ML1 + age_study_entry + sex + pc1-4,1.10,0.60,1.99,7.61e-01,A2ML1 + age_study_entry + sex + pc1-4 + disease_type + stage_grouped + sact_over6weeks_before_studyentry + current_sact,"previously reported germline VTE locus in GWAS studies (Thibord et al, 2022)"
CDH12,ENSG00000154162,1.08,0.85,1.36,5.31e-01,0.8568,CDH12 + age_study_entry + sex + pc1-4,0.96,0.76,1.21,7.17e-01,CDH12 + age_study_entry + sex + pc1-4 + disease_type + stage_grouped + sact_over6weeks_before_studyentry + current_sact,NA
MAGI2,ENSG00000187391,1.08,0.86,1.35,5.32e-01,0.8568,MAGI2 + age_study_entry + sex + pc1-4,0.98,0.78,1.24,8.72e-01,MAGI2 + age_study_entry + sex + pc1-4 + disease_type + stage_grouped + sact_over6weeks_before_studyentry + current_sact,NA
FGFR2,ENSG00000066468,0.87,0.55,1.36,5.33e-01,0.8568,FGFR2 + age_study_entry + sex + pc1-4,0.76,0.48,1.21,2.44e-01,FGFR2 + age_study_entry + sex + pc1-4 + disease_type + stage_grouped + sact_over6weeks_before_studyentry + current_sact,NA
CLIC5,ENSG00000112782,0.93,0.73,1.18,5.34e-01,0.8568,CLIC5 + age_study_entry + sex + pc1-4,0.94,0.74,1.20,6.31e-01,CLIC5 + age_study_entry + sex + pc1-4 + disease_type + stage_grouped + sact_over6weeks_before_studyentry + current_sact,NA
COL22A1,ENSG00000169436,1.08,0.84,1.38,5.36e-01,0.8570,COL22A1 + age_study_entry + sex + pc1-4,1.00,0.78,1.28,9.79e-01,COL22A1 + age_study_entry + sex + pc1-4 + disease_type + stage_grouped + sact_over6weeks_before_studyentry + current_sact,NA
ARHGEF12,ENSG00000196914,0.84,0.49,1.45,5.38e-01,0.8576,ARHGEF12 + age_study_entry + sex + pc1-4,0.86,0.50,1.48,5.80e-01,ARHGEF12 + age_study_entry + sex + pc1-4 + disease_type + stage_grouped + sact_over6weeks_before_studyentry + current_sact,NA
SMAD3,ENSG00000166949,0.85,0.50,1.44,5.39e-01,0.8576,SMAD3 + age_study_entry + sex + pc1-4,0.76,0.45,1.29,3.12e-01,SMAD3 + age_study_entry + sex + pc1-4 + disease_type + stage_grouped + sact_over6weeks_before_studyentry + current_sact,NA
ARID2,ENSG00000189079,0.90,0.63,1.27,5.40e-01,0.8576,ARID2 + age_study_entry + sex + pc1-4,0.85,0.60,1.22,3.84e-01,ARID2 + age_study_entry + sex + pc1-4 + disease_type + stage_grouped + sact_over6weeks_before_studyentry + current_sact,NA
ARID4A,ENSG00000032219,0.86,0.52,1.41,5.46e-01,0.8640,ARID4A + age_study_entry + sex + pc1-4,0.92,0.56,1.51,7.37e-01,ARID4A + age_study_entry + sex + pc1-4 + disease_type + stage_grouped + sact_over6weeks_before_studyentry + current_sact,"previously reported germline VTE locus in GWAS studies (Ghouse et al, 2023)"
TYW1,ENSG00000198874,0.94,0.76,1.16,5.49e-01,0.8661,TYW1 + age_study_entry + sex + pc1-4,0.94,0.76,1.16,5.46e-01,TYW1 + age_study_entry + sex + pc1-4 + disease_type + stage_grouped + sact_over6weeks_before_studyentry + current_sact,NA
AFAP1,ENSG00000196526,0.85,0.50,1.44,5.50e-01,0.8661,AFAP1 + age_study_entry + sex + pc1-4,0.84,0.49,1.42,5.16e-01,AFAP1 + age_study_entry + sex + pc1-4 + disease_type + stage_grouped + sact_over6weeks_before_studyentry + current_sact,"previously reported germline VTE locus in GWAS studies (Thibord et al, 2022)"
ADCY5,ENSG00000173175,0.89,0.61,1.30,5.51e-01,0.8661,ADCY5 + age_study_entry + sex + pc1-4,0.99,0.68,1.44,9.51e-01,ADCY5 + age_study_entry + sex + pc1-4 + disease_type + stage_grouped + sact_over6weeks_before_studyentry + current_sact,"previously reported germline VTE locus in GWAS studies (Thibord et al, 2022)"
DCAF12L2,ENSG00000198354,1.20,0.66,2.17,5.54e-01,0.8683,DCAF12L2 + age_study_entry + sex + pc1-4,1.15,0.63,2.09,6.40e-01,DCAF12L2 + age_study_entry + sex + pc1-4 + disease_type + stage_grouped + sact_over6weeks_before_studyentry + current_sact,NA
DIP2C,ENSG00000151240,1.07,0.85,1.35,5.56e-01,0.8683,DIP2C + age_study_entry + sex + pc1-4,1.03,0.82,1.30,7.88e-01,DIP2C + age_study_entry + sex + pc1-4 + disease_type + stage_grouped + sact_over6weeks_before_studyentry + current_sact,NA
ROBO2,ENSG00000185008,1.05,0.89,1.25,5.57e-01,0.8683,ROBO2 + age_study_entry + sex + pc1-4,1.00,0.84,1.19,9.91e-01,ROBO2 + age_study_entry + sex + pc1-4 + disease_type + stage_grouped + sact_over6weeks_before_studyentry + current_sact,NA
MLH1,ENSG00000076242,0.85,0.49,1.47,5.65e-01,0.8756,MLH1 + age_study_entry + sex + pc1-4,0.97,0.56,1.68,9.21e-01,MLH1 + age_study_entry + sex + pc1-4 + disease_type + stage_grouped + sact_over6weeks_before_studyentry + current_sact,NA
BRD4,ENSG00000141867,0.85,0.48,1.50,5.67e-01,0.8756,BRD4 + age_study_entry + sex + pc1-4,0.83,0.47,1.46,5.10e-01,BRD4 + age_study_entry + sex + pc1-4 + disease_type + stage_grouped + sact_over6weeks_before_studyentry + current_sact,NA
COL3A1,ENSG00000168542,0.88,0.56,1.38,5.67e-01,0.8756,COL3A1 + age_study_entry + sex + pc1-4,0.80,0.50,1.26,3.33e-01,COL3A1 + age_study_entry + sex + pc1-4 + disease_type + stage_grouped + sact_over6weeks_before_studyentry + current_sact,NA
DPP10,ENSG00000175497,1.07,0.85,1.35,5.69e-01,0.8756,DPP10 + age_study_entry + sex + pc1-4,0.97,0.77,1.23,8.30e-01,DPP10 + age_study_entry + sex + pc1-4 + disease_type + stage_grouped + sact_over6weeks_before_studyentry + current_sact,NA
SPOP,ENSG00000121067,1.13,0.75,1.70,5.70e-01,0.8756,SPOP + age_study_entry + sex + pc1-4,1.23,0.81,1.87,3.34e-01,SPOP + age_study_entry + sex + pc1-4 + disease_type + stage_grouped + sact_over6weeks_before_studyentry + current_sact,NA
SYNE1,ENSG00000131018,1.07,0.85,1.33,5.71e-01,0.8756,SYNE1 + age_study_entry + sex + pc1-4,1.08,0.87,1.36,4.80e-01,SYNE1 + age_study_entry + sex + pc1-4 + disease_type + stage_grouped + sact_over6weeks_before_studyentry + current_sact,NA
MPHOSPH9,ENSG00000051825,0.84,0.47,1.53,5.72e-01,0.8756,MPHOSPH9 + age_study_entry + sex + pc1-4,0.84,0.46,1.52,5.66e-01,MPHOSPH9 + age_study_entry + sex + pc1-4 + disease_type + stage_grouped + sact_over6weeks_before_studyentry + current_sact,"previously reported germline VTE locus in GWAS studies (Lindstrom et al, 2019; Thibord et al, 2022)"
CRTC3,ENSG00000140577,1.16,0.69,1.97,5.78e-01,0.8793,CRTC3 + age_study_entry + sex + pc1-4,1.07,0.63,1.81,8.06e-01,CRTC3 + age_study_entry + sex + pc1-4 + disease_type + stage_grouped + sact_over6weeks_before_studyentry + current_sact,NA
ABL1,ENSG00000097007,0.86,0.50,1.48,5.79e-01,0.8793,ABL1 + age_study_entry + sex + pc1-4,0.92,0.53,1.60,7.67e-01,ABL1 + age_study_entry + sex + pc1-4 + disease_type + stage_grouped + sact_over6weeks_before_studyentry + current_sact,NA
CACNA1E,ENSG00000198216,0.94,0.74,1.18,5.80e-01,0.8793,CACNA1E + age_study_entry + sex + pc1-4,0.94,0.74,1.18,5.89e-01,CACNA1E + age_study_entry + sex + pc1-4 + disease_type + stage_grouped + sact_over6weeks_before_studyentry + current_sact,NA
CREB3L2,ENSG00000182158,1.18,0.65,2.14,5.80e-01,0.8793,CREB3L2 + age_study_entry + sex + pc1-4,1.06,0.59,1.92,8.44e-01,CREB3L2 + age_study_entry + sex + pc1-4 + disease_type + stage_grouped + sact_over6weeks_before_studyentry + current_sact,NA
MAPK1,ENSG00000100030,0.88,0.57,1.38,5.84e-01,0.8831,MAPK1 + age_study_entry + sex + pc1-4,0.88,0.56,1.37,5.60e-01,MAPK1 + age_study_entry + sex + pc1-4 + disease_type + stage_grouped + sact_over6weeks_before_studyentry + current_sact,NA
ARID1B,ENSG00000049618,0.92,0.67,1.26,5.88e-01,0.8871,ARID1B + age_study_entry + sex + pc1-4,0.85,0.62,1.17,3.28e-01,ARID1B + age_study_entry + sex + pc1-4 + disease_type + stage_grouped + sact_over6weeks_before_studyentry + current_sact,NA
VPS13B,ENSG00000132549,0.94,0.74,1.19,5.92e-01,0.8902,VPS13B + age_study_entry + sex + pc1-4,0.92,0.72,1.17,4.72e-01,VPS13B + age_study_entry + sex + pc1-4 + disease_type + stage_grouped + sact_over6weeks_before_studyentry + current_sact,NA
TCF7L2,ENSG00000148737,0.92,0.69,1.24,5.95e-01,0.8938,TCF7L2 + age_study_entry + sex + pc1-4,1.01,0.74,1.37,9.55e-01,TCF7L2 + age_study_entry + sex + pc1-4 + disease_type + stage_grouped + sact_over6weeks_before_studyentry + current_sact,NA
RGS7,ENSG00000182901,0.91,0.64,1.30,5.97e-01,0.8942,RGS7 + age_study_entry + sex + pc1-4,0.89,0.62,1.28,5.27e-01,RGS7 + age_study_entry + sex + pc1-4 + disease_type + stage_grouped + sact_over6weeks_before_studyentry + current_sact,NA
CUX1,ENSG00000257923,0.90,0.62,1.32,5.99e-01,0.8950,CUX1 + age_study_entry + sex + pc1-4,0.87,0.59,1.26,4.51e-01,CUX1 + age_study_entry + sex + pc1-4 + disease_type + stage_grouped + sact_over6weeks_before_studyentry + current_sact,NA
HK1,ENSG00000156515,0.85,0.45,1.58,6.01e-01,0.8950,HK1 + age_study_entry + sex + pc1-4,0.83,0.44,1.55,5.61e-01,HK1 + age_study_entry + sex + pc1-4 + disease_type + stage_grouped + sact_over6weeks_before_studyentry + current_sact,"previously reported germline VTE locus in GWAS studies (Klarin et al, 2019; Thibord et al, 2022)"
N4BP2,ENSG00000078177,0.88,0.54,1.42,6.02e-01,0.8950,N4BP2 + age_study_entry + sex + pc1-4,0.90,0.56,1.46,6.72e-01,N4BP2 + age_study_entry + sex + pc1-4 + disease_type + stage_grouped + sact_over6weeks_before_studyentry + current_sact,NA
QSER1,ENSG00000060749,0.88,0.56,1.41,6.07e-01,0.9002,QSER1 + age_study_entry + sex + pc1-4,0.89,0.56,1.42,6.24e-01,QSER1 + age_study_entry + sex + pc1-4 + disease_type + stage_grouped + sact_over6weeks_before_studyentry + current_sact,"previously reported germline VTE locus in GWAS studies (Klarin et al, 2019; Thibord et al, 2022)"
PIK3R1,ENSG00000145675,1.07,0.83,1.39,6.12e-01,0.9013,PIK3R1 + age_study_entry + sex + pc1-4,1.06,0.81,1.40,6.66e-01,PIK3R1 + age_study_entry + sex + pc1-4 + disease_type + stage_grouped + sact_over6weeks_before_studyentry + current_sact,NA
ATRX,ENSG00000085224,1.08,0.81,1.44,6.13e-01,0.9013,ATRX + age_study_entry + sex + pc1-4,0.93,0.69,1.25,6.17e-01,ATRX + age_study_entry + sex + pc1-4 + disease_type + stage_grouped + sact_over6weeks_before_studyentry + current_sact,NA
TPTE2,ENSG00000132958,0.94,0.73,1.21,6.14e-01,0.9013,TPTE2 + age_study_entry + sex + pc1-4,0.94,0.73,1.21,6.13e-01,TPTE2 + age_study_entry + sex + pc1-4 + disease_type + stage_grouped + sact_over6weeks_before_studyentry + current_sact,NA
PRKG1,ENSG00000185532,1.06,0.84,1.34,6.15e-01,0.9013,PRKG1 + age_study_entry + sex + pc1-4,0.95,0.75,1.21,6.92e-01,PRKG1 + age_study_entry + sex + pc1-4 + disease_type + stage_grouped + sact_over6weeks_before_studyentry + current_sact,NA
ZFPM2,ENSG00000169946,1.07,0.82,1.41,6.16e-01,0.9013,ZFPM2 + age_study_entry + sex + pc1-4,0.97,0.74,1.28,8.35e-01,ZFPM2 + age_study_entry + sex + pc1-4 + disease_type + stage_grouped + sact_over6weeks_before_studyentry + current_sact,"previously reported germline VTE locus in GWAS studies (Klarin et al, 2019; Lindstrom et al, 2019; Thibord et al, 2022; Ghouse et al, 2023)"
MECOM,ENSG00000085276,1.07,0.82,1.38,6.17e-01,0.9013,MECOM + age_study_entry + sex + pc1-4,0.97,0.75,1.26,8.22e-01,MECOM + age_study_entry + sex + pc1-4 + disease_type + stage_grouped + sact_over6weeks_before_studyentry + current_sact,"previously reported germline VTE locus in GWAS studies (Thibord et al, 2022)"
RAP1B,ENSG00000127314,1.13,0.69,1.86,6.19e-01,0.9017,RAP1B + age_study_entry + sex + pc1-4,1.00,0.61,1.63,9.86e-01,RAP1B + age_study_entry + sex + pc1-4 + disease_type + stage_grouped + sact_over6weeks_before_studyentry + current_sact,NA
AMER1,ENSG00000184675,1.11,0.73,1.70,6.20e-01,0.9017,AMER1 + age_study_entry + sex + pc1-4,1.09,0.71,1.67,6.95e-01,AMER1 + age_study_entry + sex + pc1-4 + disease_type + stage_grouped + sact_over6weeks_before_studyentry + current_sact,NA
GRIN2A,ENSG00000183454,0.92,0.67,1.27,6.23e-01,0.9021,GRIN2A + age_study_entry + sex + pc1-4,0.89,0.64,1.22,4.54e-01,GRIN2A + age_study_entry + sex + pc1-4 + disease_type + stage_grouped + sact_over6weeks_before_studyentry + current_sact,NA
USP8,ENSG00000138592,1.15,0.66,1.98,6.24e-01,0.9021,USP8 + age_study_entry + sex + pc1-4,1.18,0.68,2.05,5.46e-01,USP8 + age_study_entry + sex + pc1-4 + disease_type + stage_grouped + sact_over6weeks_before_studyentry + current_sact,NA
TCF12,ENSG00000140262,1.10,0.75,1.60,6.26e-01,0.9021,TCF12 + age_study_entry + sex + pc1-4,1.11,0.76,1.62,5.84e-01,TCF12 + age_study_entry + sex + pc1-4 + disease_type + stage_grouped + sact_over6weeks_before_studyentry + current_sact,NA
WRN,ENSG00000165392,0.88,0.54,1.45,6.26e-01,0.9021,WRN + age_study_entry + sex + pc1-4,0.90,0.55,1.48,6.81e-01,WRN + age_study_entry + sex + pc1-4 + disease_type + stage_grouped + sact_over6weeks_before_studyentry + current_sact,NA
WWTR1,ENSG00000018408,1.16,0.64,2.09,6.31e-01,0.9051,WWTR1 + age_study_entry + sex + pc1-4,1.03,0.57,1.87,9.27e-01,WWTR1 + age_study_entry + sex + pc1-4 + disease_type + stage_grouped + sact_over6weeks_before_studyentry + current_sact,NA
RABEP1,ENSG00000029725,1.15,0.65,2.03,6.31e-01,0.9051,RABEP1 + age_study_entry + sex + pc1-4,1.11,0.63,1.96,7.29e-01,RABEP1 + age_study_entry + sex + pc1-4 + disease_type + stage_grouped + sact_over6weeks_before_studyentry + current_sact,NA
BRCA2,ENSG00000139618,0.92,0.64,1.31,6.35e-01,0.9086,BRCA2 + age_study_entry + sex + pc1-4,0.95,0.66,1.36,7.65e-01,BRCA2 + age_study_entry + sex + pc1-4 + disease_type + stage_grouped + sact_over6weeks_before_studyentry + current_sact,NA
RBM10,ENSG00000182872,0.90,0.58,1.40,6.38e-01,0.9088,RBM10 + age_study_entry + sex + pc1-4,0.83,0.53,1.30,4.24e-01,RBM10 + age_study_entry + sex + pc1-4 + disease_type + stage_grouped + sact_over6weeks_before_studyentry + current_sact,NA
JAK1,ENSG00000162434,0.92,0.63,1.32,6.38e-01,0.9088,JAK1 + age_study_entry + sex + pc1-4,0.94,0.65,1.38,7.66e-01,JAK1 + age_study_entry + sex + pc1-4 + disease_type + stage_grouped + sact_over6weeks_before_studyentry + current_sact,NA
NSD1,ENSG00000165671,0.91,0.59,1.38,6.43e-01,0.9136,NSD1 + age_study_entry + sex + pc1-4,0.81,0.53,1.24,3.34e-01,NSD1 + age_study_entry + sex + pc1-4 + disease_type + stage_grouped + sact_over6weeks_before_studyentry + current_sact,NA
CNTRL,ENSG00000119397,0.90,0.57,1.41,6.45e-01,0.9136,CNTRL + age_study_entry + sex + pc1-4,0.90,0.57,1.43,6.62e-01,CNTRL + age_study_entry + sex + pc1-4 + disease_type + stage_grouped + sact_over6weeks_before_studyentry + current_sact,NA
SCARA5,ENSG00000168079,1.16,0.62,2.16,6.47e-01,0.9143,SCARA5 + age_study_entry + sex + pc1-4,1.28,0.69,2.39,4.38e-01,SCARA5 + age_study_entry + sex + pc1-4 + disease_type + stage_grouped + sact_over6weeks_before_studyentry + current_sact,"previously reported germline VTE locus in GWAS studies (Klarin et al, 2019; Thibord et al, 2022)"
MLLT3,ENSG00000171843,0.88,0.52,1.50,6.48e-01,0.9148,MLLT3 + age_study_entry + sex + pc1-4,0.83,0.49,1.41,4.95e-01,MLLT3 + age_study_entry + sex + pc1-4 + disease_type + stage_grouped + sact_over6weeks_before_studyentry + current_sact,NA
TRRAP,ENSG00000196367,0.92,0.65,1.31,6.54e-01,0.9159,TRRAP + age_study_entry + sex + pc1-4,0.88,0.62,1.25,4.74e-01,TRRAP + age_study_entry + sex + pc1-4 + disease_type + stage_grouped + sact_over6weeks_before_studyentry + current_sact,NA
ADAMTSL2,ENSG00000197859,0.87,0.47,1.62,6.56e-01,0.9159,ADAMTSL2 + age_study_entry + sex + pc1-4,0.86,0.46,1.61,6.47e-01,ADAMTSL2 + age_study_entry + sex + pc1-4 + disease_type + stage_grouped + sact_over6weeks_before_studyentry + current_sact,"previously reported germline VTE locus in GWAS studies (Klarin et al, 2019)"
CDC73,ENSG00000134371,0.90,0.56,1.43,6.56e-01,0.9159,CDC73 + age_study_entry + sex + pc1-4,0.93,0.58,1.49,7.67e-01,CDC73 + age_study_entry + sex + pc1-4 + disease_type + stage_grouped + sact_over6weeks_before_studyentry + current_sact,NA
TEC,ENSG00000135605,1.14,0.64,2.01,6.56e-01,0.9159,TEC + age_study_entry + sex + pc1-4,1.04,0.59,1.84,8.96e-01,TEC + age_study_entry + sex + pc1-4 + disease_type + stage_grouped + sact_over6weeks_before_studyentry + current_sact,NA
SNTG1,ENSG00000147481,1.05,0.84,1.32,6.65e-01,0.9159,SNTG1 + age_study_entry + sex + pc1-4,0.94,0.75,1.18,6.01e-01,SNTG1 + age_study_entry + sex + pc1-4 + disease_type + stage_grouped + sact_over6weeks_before_studyentry + current_sact,NA
MLLT1,ENSG00000130382,1.14,0.63,2.06,6.66e-01,0.9159,MLLT1 + age_study_entry + sex + pc1-4,1.11,0.61,2.02,7.24e-01,MLLT1 + age_study_entry + sex + pc1-4 + disease_type + stage_grouped + sact_over6weeks_before_studyentry + current_sact,NA
BLM,ENSG00000197299,1.05,0.83,1.33,6.66e-01,0.9159,BLM + age_study_entry + sex + pc1-4,1.06,0.84,1.34,6.36e-01,BLM + age_study_entry + sex + pc1-4 + disease_type + stage_grouped + sact_over6weeks_before_studyentry + current_sact,NA
CACNA1D,ENSG00000157388,0.92,0.62,1.36,6.66e-01,0.9159,CACNA1D + age_study_entry + sex + pc1-4,0.95,0.64,1.42,8.20e-01,CACNA1D + age_study_entry + sex + pc1-4 + disease_type + stage_grouped + sact_over6weeks_before_studyentry + current_sact,NA
CHEK2,ENSG00000183765,1.12,0.67,1.86,6.69e-01,0.9159,CHEK2 + age_study_entry + sex + pc1-4,1.16,0.69,1.93,5.79e-01,CHEK2 + age_study_entry + sex + pc1-4 + disease_type + stage_grouped + sact_over6weeks_before_studyentry + current_sact,NA
EPHA7,ENSG00000135333,0.91,0.59,1.40,6.70e-01,0.9159,EPHA7 + age_study_entry + sex + pc1-4,0.87,0.56,1.34,5.20e-01,EPHA7 + age_study_entry + sex + pc1-4 + disease_type + stage_grouped + sact_over6weeks_before_studyentry + current_sact,NA
P2RY8,ENSG00000182162,1.11,0.68,1.82,6.72e-01,0.9159,P2RY8 + age_study_entry + sex + pc1-4,1.14,0.70,1.87,6.00e-01,P2RY8 + age_study_entry + sex + pc1-4 + disease_type + stage_grouped + sact_over6weeks_before_studyentry + current_sact,NA
FAM107B,ENSG00000065809,0.88,0.50,1.56,6.73e-01,0.9159,FAM107B + age_study_entry + sex + pc1-4,0.80,0.45,1.41,4.42e-01,FAM107B + age_study_entry + sex + pc1-4 + disease_type + stage_grouped + sact_over6weeks_before_studyentry + current_sact,"previously reported germline VTE locus in GWAS studies (Thibord et al, 2022)"
RYR2,ENSG00000198626,0.96,0.78,1.17,6.74e-01,0.9159,RYR2 + age_study_entry + sex + pc1-4,0.92,0.75,1.12,4.00e-01,RYR2 + age_study_entry + sex + pc1-4 + disease_type + stage_grouped + sact_over6weeks_before_studyentry + current_sact,NA
GRM5,ENSG00000168959,1.05,0.83,1.32,6.74e-01,0.9159,GRM5 + age_study_entry + sex + pc1-4,0.96,0.76,1.21,7.33e-01,GRM5 + age_study_entry + sex + pc1-4 + disease_type + stage_grouped + sact_over6weeks_before_studyentry + current_sact,NA
GPC5,ENSG00000179399,1.04,0.86,1.27,6.75e-01,0.9159,GPC5 + age_study_entry + sex + pc1-4,0.98,0.80,1.20,8.62e-01,GPC5 + age_study_entry + sex + pc1-4 + disease_type + stage_grouped + sact_over6weeks_before_studyentry + current_sact,NA
TENM4,ENSG00000149256,0.95,0.76,1.20,6.75e-01,0.9159,TENM4 + age_study_entry + sex + pc1-4,0.92,0.73,1.16,4.83e-01,TENM4 + age_study_entry + sex + pc1-4 + disease_type + stage_grouped + sact_over6weeks_before_studyentry + current_sact,NA
CCND1,ENSG00000110092,0.89,0.51,1.54,6.76e-01,0.9159,CCND1 + age_study_entry + sex + pc1-4,0.82,0.47,1.42,4.72e-01,CCND1 + age_study_entry + sex + pc1-4 + disease_type + stage_grouped + sact_over6weeks_before_studyentry + current_sact,NA
SPTBN4,ENSG00000160460,0.95,0.73,1.23,6.78e-01,0.9159,SPTBN4 + age_study_entry + sex + pc1-4,0.90,0.69,1.17,4.20e-01,SPTBN4 + age_study_entry + sex + pc1-4 + disease_type + stage_grouped + sact_over6weeks_before_studyentry + current_sact,NA
KTN1,ENSG00000126777,1.09,0.72,1.67,6.81e-01,0.9159,KTN1 + age_study_entry + sex + pc1-4,1.04,0.68,1.59,8.42e-01,KTN1 + age_study_entry + sex + pc1-4 + disease_type + stage_grouped + sact_over6weeks_before_studyentry + current_sact,NA
ANGPT1,ENSG00000154188,1.14,0.61,2.12,6.81e-01,0.9159,ANGPT1 + age_study_entry + sex + pc1-4,1.09,0.59,2.04,7.78e-01,ANGPT1 + age_study_entry + sex + pc1-4 + disease_type + stage_grouped + sact_over6weeks_before_studyentry + current_sact,"previously reported germline VTE locus in GWAS studies (Thibord et al, 2022)"
SYN3,ENSG00000185666,0.92,0.61,1.38,6.83e-01,0.9159,SYN3 + age_study_entry + sex + pc1-4,0.82,0.54,1.23,3.27e-01,SYN3 + age_study_entry + sex + pc1-4 + disease_type + stage_grouped + sact_over6weeks_before_studyentry + current_sact,"previously reported germline VTE locus in GWAS studies (Thibord et al, 2022; Ghouse et al, 2023)"
TOP1,ENSG00000198900,0.89,0.50,1.57,6.84e-01,0.9159,TOP1 + age_study_entry + sex + pc1-4,0.76,0.43,1.35,3.47e-01,TOP1 + age_study_entry + sex + pc1-4 + disease_type + stage_grouped + sact_over6weeks_before_studyentry + current_sact,NA
DROSHA,ENSG00000113360,0.90,0.54,1.50,6.84e-01,0.9159,DROSHA + age_study_entry + sex + pc1-4,0.85,0.51,1.42,5.40e-01,DROSHA + age_study_entry + sex + pc1-4 + disease_type + stage_grouped + sact_over6weeks_before_studyentry + current_sact,NA
MUC6,ENSG00000184956,0.89,0.50,1.57,6.89e-01,0.9201,MUC6 + age_study_entry + sex + pc1-4,0.85,0.48,1.51,5.87e-01,MUC6 + age_study_entry + sex + pc1-4 + disease_type + stage_grouped + sact_over6weeks_before_studyentry + current_sact,NA
CTNNB1,ENSG00000168036,0.94,0.68,1.29,6.91e-01,0.9201,CTNNB1 + age_study_entry + sex + pc1-4,0.92,0.66,1.27,6.08e-01,CTNNB1 + age_study_entry + sex + pc1-4 + disease_type + stage_grouped + sact_over6weeks_before_studyentry + current_sact,"previosly reported somatic VTE locus in cancer studies (Dunbar et al, 2021)"
KIAA1671,ENSG00000197077,1.05,0.83,1.33,6.93e-01,0.9201,KIAA1671 + age_study_entry + sex + pc1-4,1.02,0.80,1.30,8.65e-01,KIAA1671 + age_study_entry + sex + pc1-4 + disease_type + stage_grouped + sact_over6weeks_before_studyentry + current_sact,NA
HERC2,ENSG00000128731,0.95,0.73,1.24,6.96e-01,0.9201,HERC2 + age_study_entry + sex + pc1-4,1.04,0.79,1.35,7.88e-01,HERC2 + age_study_entry + sex + pc1-4 + disease_type + stage_grouped + sact_over6weeks_before_studyentry + current_sact,NA
MCTP2,ENSG00000140563,0.90,0.53,1.53,6.97e-01,0.9201,MCTP2 + age_study_entry + sex + pc1-4,0.82,0.48,1.39,4.57e-01,MCTP2 + age_study_entry + sex + pc1-4 + disease_type + stage_grouped + sact_over6weeks_before_studyentry + current_sact,"previously reported germline VTE locus in GWAS studies (Ghouse et al, 2023)"
AGBL4,ENSG00000186094,1.05,0.82,1.34,7.00e-01,0.9201,AGBL4 + age_study_entry + sex + pc1-4,0.96,0.75,1.23,7.65e-01,AGBL4 + age_study_entry + sex + pc1-4 + disease_type + stage_grouped + sact_over6weeks_before_studyentry + current_sact,NA
TBL1XR1,ENSG00000177565,0.92,0.60,1.41,7.01e-01,0.9201,TBL1XR1 + age_study_entry + sex + pc1-4,0.92,0.60,1.42,7.10e-01,TBL1XR1 + age_study_entry + sex + pc1-4 + disease_type + stage_grouped + sact_over6weeks_before_studyentry + current_sact,NA
CLIP1,ENSG00000130779,1.09,0.69,1.72,7.02e-01,0.9201,CLIP1 + age_study_entry + sex + pc1-4,1.03,0.65,1.62,8.98e-01,CLIP1 + age_study_entry + sex + pc1-4 + disease_type + stage_grouped + sact_over6weeks_before_studyentry + current_sact,NA
SUZ12,ENSG00000178691,0.91,0.54,1.51,7.04e-01,0.9201,SUZ12 + age_study_entry + sex + pc1-4,0.90,0.54,1.50,6.93e-01,SUZ12 + age_study_entry + sex + pc1-4 + disease_type + stage_grouped + sact_over6weeks_before_studyentry + current_sact,NA
PTEN,ENSG00000171862,1.04,0.86,1.24,7.05e-01,0.9201,PTEN + age_study_entry + sex + pc1-4,1.00,0.82,1.23,9.76e-01,PTEN + age_study_entry + sex + pc1-4 + disease_type + stage_grouped + sact_over6weeks_before_studyentry + current_sact,"previosly reported somatic VTE locus in cancer studies (Ma et al, 2024)"
DSCAM,ENSG00000171587,1.05,0.83,1.32,7.07e-01,0.9201,DSCAM + age_study_entry + sex + pc1-4,1.01,0.80,1.29,9.07e-01,DSCAM + age_study_entry + sex + pc1-4 + disease_type + stage_grouped + sact_over6weeks_before_studyentry + current_sact,NA
SNTG2,ENSG00000172554,1.04,0.85,1.28,7.07e-01,0.9201,SNTG2 + age_study_entry + sex + pc1-4,1.03,0.84,1.27,7.51e-01,SNTG2 + age_study_entry + sex + pc1-4 + disease_type + stage_grouped + sact_over6weeks_before_studyentry + current_sact,NA
PTPRR,ENSG00000153233,1.07,0.76,1.50,7.07e-01,0.9201,PTPRR + age_study_entry + sex + pc1-4,0.96,0.68,1.36,8.35e-01,PTPRR + age_study_entry + sex + pc1-4 + disease_type + stage_grouped + sact_over6weeks_before_studyentry + current_sact,"previously reported germline VTE locus in GWAS studies (Ghouse et al, 2023)"
CARD11,ENSG00000198286,0.93,0.64,1.35,7.09e-01,0.9201,CARD11 + age_study_entry + sex + pc1-4,0.96,0.66,1.39,8.12e-01,CARD11 + age_study_entry + sex + pc1-4 + disease_type + stage_grouped + sact_over6weeks_before_studyentry + current_sact,NA
TAOK1,ENSG00000160551,0.93,0.62,1.39,7.10e-01,0.9201,TAOK1 + age_study_entry + sex + pc1-4,0.87,0.58,1.31,5.10e-01,TAOK1 + age_study_entry + sex + pc1-4 + disease_type + stage_grouped + sact_over6weeks_before_studyentry + current_sact,"previously reported germline VTE locus in GWAS studies (Thibord et al, 2022)"
TET1,ENSG00000138336,0.93,0.62,1.38,7.12e-01,0.9214,TET1 + age_study_entry + sex + pc1-4,0.91,0.61,1.36,6.43e-01,TET1 + age_study_entry + sex + pc1-4 + disease_type + stage_grouped + sact_over6weeks_before_studyentry + current_sact,NA
ERCC2,ENSG00000104884,1.11,0.63,1.96,7.16e-01,0.9237,ERCC2 + age_study_entry + sex + pc1-4,0.94,0.53,1.67,8.29e-01,ERCC2 + age_study_entry + sex + pc1-4 + disease_type + stage_grouped + sact_over6weeks_before_studyentry + current_sact,NA
MTOR,ENSG00000198793,1.06,0.77,1.47,7.19e-01,0.9255,MTOR + age_study_entry + sex + pc1-4,1.11,0.79,1.54,5.53e-01,MTOR + age_study_entry + sex + pc1-4 + disease_type + stage_grouped + sact_over6weeks_before_studyentry + current_sact,"previously reported germline VTE locus in GWAS studies (Ghouse et al, 2023)"
SMAD2,ENSG00000175387,0.93,0.64,1.36,7.22e-01,0.9255,SMAD2 + age_study_entry + sex + pc1-4,0.97,0.67,1.41,8.68e-01,SMAD2 + age_study_entry + sex + pc1-4 + disease_type + stage_grouped + sact_over6weeks_before_studyentry + current_sact,NA
CEP89,ENSG00000121289,0.93,0.61,1.40,7.22e-01,0.9255,CEP89 + age_study_entry + sex + pc1-4,0.84,0.56,1.28,4.24e-01,CEP89 + age_study_entry + sex + pc1-4 + disease_type + stage_grouped + sact_over6weeks_before_studyentry + current_sact,NA
NSD3,ENSG00000147548,1.06,0.77,1.46,7.23e-01,0.9255,NSD3 + age_study_entry + sex + pc1-4,1.02,0.74,1.41,8.87e-01,NSD3 + age_study_entry + sex + pc1-4 + disease_type + stage_grouped + sact_over6weeks_before_studyentry + current_sact,NA
ETV1,ENSG00000006468,1.09,0.66,1.82,7.28e-01,0.9298,ETV1 + age_study_entry + sex + pc1-4,0.96,0.58,1.60,8.77e-01,ETV1 + age_study_entry + sex + pc1-4 + disease_type + stage_grouped + sact_over6weeks_before_studyentry + current_sact,NA
SDHA,ENSG00000073578,1.07,0.72,1.59,7.29e-01,0.9298,SDHA + age_study_entry + sex + pc1-4,1.05,0.70,1.56,8.14e-01,SDHA + age_study_entry + sex + pc1-4 + disease_type + stage_grouped + sact_over6weeks_before_studyentry + current_sact,NA
AFF3,ENSG00000144218,1.06,0.77,1.44,7.35e-01,0.9332,AFF3 + age_study_entry + sex + pc1-4,1.10,0.80,1.50,5.65e-01,AFF3 + age_study_entry + sex + pc1-4 + disease_type + stage_grouped + sact_over6weeks_before_studyentry + current_sact,NA
CLTC,ENSG00000141367,0.92,0.57,1.49,7.35e-01,0.9332,CLTC + age_study_entry + sex + pc1-4,0.92,0.57,1.49,7.31e-01,CLTC + age_study_entry + sex + pc1-4 + disease_type + stage_grouped + sact_over6weeks_before_studyentry + current_sact,NA
CBFA2T3,ENSG00000129993,0.92,0.57,1.49,7.38e-01,0.9349,CBFA2T3 + age_study_entry + sex + pc1-4,0.97,0.60,1.57,9.04e-01,CBFA2T3 + age_study_entry + sex + pc1-4 + disease_type + stage_grouped + sact_over6weeks_before_studyentry + current_sact,NA
BRAF,ENSG00000157764,0.96,0.75,1.22,7.40e-01,0.9354,BRAF + age_study_entry + sex + pc1-4,0.99,0.77,1.28,9.37e-01,BRAF + age_study_entry + sex + pc1-4 + disease_type + stage_grouped + sact_over6weeks_before_studyentry + current_sact,NA
STAT3,ENSG00000168610,0.92,0.55,1.53,7.45e-01,0.9395,STAT3 + age_study_entry + sex + pc1-4,0.88,0.53,1.46,6.08e-01,STAT3 + age_study_entry + sex + pc1-4 + disease_type + stage_grouped + sact_over6weeks_before_studyentry + current_sact,NA
LZTR1,ENSG00000099949,1.09,0.64,1.85,7.46e-01,0.9395,LZTR1 + age_study_entry + sex + pc1-4,1.01,0.59,1.72,9.65e-01,LZTR1 + age_study_entry + sex + pc1-4 + disease_type + stage_grouped + sact_over6weeks_before_studyentry + current_sact,NA
ACVR1B,ENSG00000135503,0.92,0.54,1.55,7.50e-01,0.9419,ACVR1B + age_study_entry + sex + pc1-4,0.86,0.50,1.46,5.71e-01,ACVR1B + age_study_entry + sex + pc1-4 + disease_type + stage_grouped + sact_over6weeks_before_studyentry + current_sact,NA
DDX3X,ENSG00000215301,1.09,0.63,1.89,7.56e-01,0.9459,DDX3X + age_study_entry + sex + pc1-4,1.09,0.63,1.90,7.50e-01,DDX3X + age_study_entry + sex + pc1-4 + disease_type + stage_grouped + sact_over6weeks_before_studyentry + current_sact,NA
SETBP1,ENSG00000152217,0.94,0.65,1.37,7.57e-01,0.9459,SETBP1 + age_study_entry + sex + pc1-4,0.93,0.64,1.36,7.22e-01,SETBP1 + age_study_entry + sex + pc1-4 + disease_type + stage_grouped + sact_over6weeks_before_studyentry + current_sact,NA
ASXL2,ENSG00000143970,0.95,0.67,1.34,7.58e-01,0.9459,ASXL2 + age_study_entry + sex + pc1-4,0.99,0.70,1.41,9.60e-01,ASXL2 + age_study_entry + sex + pc1-4 + disease_type + stage_grouped + sact_over6weeks_before_studyentry + current_sact,NA
USH2A,ENSG00000042781,1.04,0.82,1.32,7.61e-01,0.9459,USH2A + age_study_entry + sex + pc1-4,0.97,0.76,1.23,7.79e-01,USH2A + age_study_entry + sex + pc1-4 + disease_type + stage_grouped + sact_over6weeks_before_studyentry + current_sact,NA
IDH1,ENSG00000138413,0.94,0.62,1.41,7.61e-01,0.9459,IDH1 + age_study_entry + sex + pc1-4,0.65,0.41,1.02,5.87e-02,IDH1 + age_study_entry + sex + pc1-4 + disease_type + stage_grouped + sact_over6weeks_before_studyentry + current_sact,"previosly reported somatic VTE locus in cancer studies (Lanting et al, 2025)"
DNMT3A,ENSG00000119772,1.07,0.69,1.65,7.63e-01,0.9462,DNMT3A + age_study_entry + sex + pc1-4,1.09,0.71,1.69,6.87e-01,DNMT3A + age_study_entry + sex + pc1-4 + disease_type + stage_grouped + sact_over6weeks_before_studyentry + current_sact,NA
BCL11A,ENSG00000119866,0.93,0.59,1.47,7.64e-01,0.9462,BCL11A + age_study_entry + sex + pc1-4,0.86,0.55,1.36,5.20e-01,BCL11A + age_study_entry + sex + pc1-4 + disease_type + stage_grouped + sact_over6weeks_before_studyentry + current_sact,NA
MB21D2,ENSG00000180611,0.92,0.54,1.56,7.66e-01,0.9470,MB21D2 + age_study_entry + sex + pc1-4,0.90,0.53,1.53,6.95e-01,MB21D2 + age_study_entry + sex + pc1-4 + disease_type + stage_grouped + sact_over6weeks_before_studyentry + current_sact,NA
STIL,ENSG00000123473,0.91,0.49,1.70,7.71e-01,0.9503,STIL + age_study_entry + sex + pc1-4,1.07,0.57,1.99,8.36e-01,STIL + age_study_entry + sex + pc1-4 + disease_type + stage_grouped + sact_over6weeks_before_studyentry + current_sact,NA
B2M,ENSG00000166710,0.94,0.62,1.43,7.73e-01,0.9509,B2M + age_study_entry + sex + pc1-4,0.98,0.64,1.50,9.23e-01,B2M + age_study_entry + sex + pc1-4 + disease_type + stage_grouped + sact_over6weeks_before_studyentry + current_sact,NA
ZMIZ1,ENSG00000108175,1.06,0.72,1.56,7.76e-01,0.9514,ZMIZ1 + age_study_entry + sex + pc1-4,0.97,0.66,1.43,8.73e-01,ZMIZ1 + age_study_entry + sex + pc1-4 + disease_type + stage_grouped + sact_over6weeks_before_studyentry + current_sact,"previously reported germline VTE locus in GWAS studies (Thibord et al, 2022)"
ARL13B,ENSG00000169379,0.92,0.52,1.63,7.79e-01,0.9514,ARL13B + age_study_entry + sex + pc1-4,0.90,0.51,1.59,7.18e-01,ARL13B + age_study_entry + sex + pc1-4 + disease_type + stage_grouped + sact_over6weeks_before_studyentry + current_sact,"previously reported germline VTE locus in GWAS studies (Thibord et al, 2022)"
TYW1B,ENSG00000277149,0.97,0.78,1.20,7.79e-01,0.9514,TYW1B + age_study_entry + sex + pc1-4,0.96,0.77,1.19,6.96e-01,TYW1B + age_study_entry + sex + pc1-4 + disease_type + stage_grouped + sact_over6weeks_before_studyentry + current_sact,NA
PTPRN2,ENSG00000155093,0.98,0.82,1.16,7.82e-01,0.9514,PTPRN2 + age_study_entry + sex + pc1-4,0.96,0.80,1.14,6.44e-01,PTPRN2 + age_study_entry + sex + pc1-4 + disease_type + stage_grouped + sact_over6weeks_before_studyentry + current_sact,NA
SYN2,ENSG00000157152,1.07,0.65,1.79,7.82e-01,0.9514,SYN2 + age_study_entry + sex + pc1-4,0.99,0.60,1.66,9.80e-01,SYN2 + age_study_entry + sex + pc1-4 + disease_type + stage_grouped + sact_over6weeks_before_studyentry + current_sact,"previously reported germline VTE locus in GWAS studies (Thibord et al, 2022)"
PTPRC,ENSG00000081237,0.93,0.56,1.55,7.82e-01,0.9514,PTPRC + age_study_entry + sex + pc1-4,0.89,0.54,1.49,6.64e-01,PTPRC + age_study_entry + sex + pc1-4 + disease_type + stage_grouped + sact_over6weeks_before_studyentry + current_sact,NA
EWSR1,ENSG00000182944,1.08,0.63,1.82,7.88e-01,0.9551,EWSR1 + age_study_entry + sex + pc1-4,0.95,0.56,1.63,8.65e-01,EWSR1 + age_study_entry + sex + pc1-4 + disease_type + stage_grouped + sact_over6weeks_before_studyentry + current_sact,NA
RFFL,ENSG00000092871,0.97,0.75,1.25,7.89e-01,0.9551,RFFL + age_study_entry + sex + pc1-4,0.94,0.72,1.21,6.16e-01,RFFL + age_study_entry + sex + pc1-4 + disease_type + stage_grouped + sact_over6weeks_before_studyentry + current_sact,NA
KNL1,ENSG00000137812,0.93,0.52,1.64,7.92e-01,0.9551,KNL1 + age_study_entry + sex + pc1-4,0.95,0.54,1.69,8.71e-01,KNL1 + age_study_entry + sex + pc1-4 + disease_type + stage_grouped + sact_over6weeks_before_studyentry + current_sact,NA
GPC3,ENSG00000147257,1.05,0.72,1.54,7.93e-01,0.9551,GPC3 + age_study_entry + sex + pc1-4,0.95,0.65,1.39,7.93e-01,GPC3 + age_study_entry + sex + pc1-4 + disease_type + stage_grouped + sact_over6weeks_before_studyentry + current_sact,NA
CDH4,ENSG00000179242,0.97,0.80,1.19,7.97e-01,0.9551,CDH4 + age_study_entry + sex + pc1-4,0.96,0.79,1.17,6.93e-01,CDH4 + age_study_entry + sex + pc1-4 + disease_type + stage_grouped + sact_over6weeks_before_studyentry + current_sact,NA
HSP90AA1,ENSG00000080824,1.06,0.66,1.72,7.97e-01,0.9551,HSP90AA1 + age_study_entry + sex + pc1-4,1.03,0.64,1.67,8.91e-01,HSP90AA1 + age_study_entry + sex + pc1-4 + disease_type + stage_grouped + sact_over6weeks_before_studyentry + current_sact,NA
TGFBR2,ENSG00000163513,0.96,0.71,1.30,7.99e-01,0.9551,TGFBR2 + age_study_entry + sex + pc1-4,1.08,0.79,1.47,6.48e-01,TGFBR2 + age_study_entry + sex + pc1-4 + disease_type + stage_grouped + sact_over6weeks_before_studyentry + current_sact,NA
ADGRL3,ENSG00000150471,1.03,0.81,1.32,8.01e-01,0.9551,ADGRL3 + age_study_entry + sex + pc1-4,0.94,0.74,1.20,6.32e-01,ADGRL3 + age_study_entry + sex + pc1-4 + disease_type + stage_grouped + sact_over6weeks_before_studyentry + current_sact,NA
PACS1,ENSG00000175115,1.03,0.82,1.30,8.03e-01,0.9551,PACS1 + age_study_entry + sex + pc1-4,1.05,0.83,1.33,6.86e-01,PACS1 + age_study_entry + sex + pc1-4 + disease_type + stage_grouped + sact_over6weeks_before_studyentry + current_sact,NA
ACAD10,ENSG00000111271,1.08,0.60,1.95,8.03e-01,0.9551,ACAD10 + age_study_entry + sex + pc1-4,1.01,0.56,1.84,9.67e-01,ACAD10 + age_study_entry + sex + pc1-4 + disease_type + stage_grouped + sact_over6weeks_before_studyentry + current_sact,"previously reported germline VTE locus in GWAS studies (Thibord et al, 2022)"
SMAD4,ENSG00000141646,1.04,0.76,1.43,8.05e-01,0.9551,SMAD4 + age_study_entry + sex + pc1-4,0.90,0.65,1.24,5.14e-01,SMAD4 + age_study_entry + sex + pc1-4 + disease_type + stage_grouped + sact_over6weeks_before_studyentry + current_sact,NA
CHD4,ENSG00000111642,0.96,0.68,1.35,8.05e-01,0.9551,CHD4 + age_study_entry + sex + pc1-4,1.03,0.73,1.46,8.62e-01,CHD4 + age_study_entry + sex + pc1-4 + disease_type + stage_grouped + sact_over6weeks_before_studyentry + current_sact,NA
SND1,ENSG00000197157,1.05,0.72,1.54,8.06e-01,0.9551,SND1 + age_study_entry + sex + pc1-4,0.96,0.65,1.41,8.34e-01,SND1 + age_study_entry + sex + pc1-4 + disease_type + stage_grouped + sact_over6weeks_before_studyentry + current_sact,NA
FLT4,ENSG00000037280,1.05,0.71,1.56,8.12e-01,0.9585,FLT4 + age_study_entry + sex + pc1-4,1.05,0.71,1.57,7.96e-01,FLT4 + age_study_entry + sex + pc1-4 + disease_type + stage_grouped + sact_over6weeks_before_studyentry + current_sact,NA
GAPVD1,ENSG00000165219,1.03,0.82,1.28,8.12e-01,0.9585,GAPVD1 + age_study_entry + sex + pc1-4,0.99,0.79,1.24,9.45e-01,GAPVD1 + age_study_entry + sex + pc1-4 + disease_type + stage_grouped + sact_over6weeks_before_studyentry + current_sact,NA
PTK2,ENSG00000169398,0.98,0.80,1.19,8.14e-01,0.9585,PTK2 + age_study_entry + sex + pc1-4,0.94,0.77,1.14,5.22e-01,PTK2 + age_study_entry + sex + pc1-4 + disease_type + stage_grouped + sact_over6weeks_before_studyentry + current_sact,NA
NBN,ENSG00000104320,0.94,0.54,1.62,8.18e-01,0.9585,NBN + age_study_entry + sex + pc1-4,0.94,0.54,1.63,8.27e-01,NBN + age_study_entry + sex + pc1-4 + disease_type + stage_grouped + sact_over6weeks_before_studyentry + current_sact,NA
COL6A2,ENSG00000142173,1.06,0.66,1.71,8.19e-01,0.9585,COL6A2 + age_study_entry + sex + pc1-4,1.04,0.64,1.68,8.83e-01,COL6A2 + age_study_entry + sex + pc1-4 + disease_type + stage_grouped + sact_over6weeks_before_studyentry + current_sact,NA
HNF1A,ENSG00000135100,0.94,0.58,1.55,8.19e-01,0.9585,HNF1A + age_study_entry + sex + pc1-4,1.06,0.64,1.74,8.28e-01,HNF1A + age_study_entry + sex + pc1-4 + disease_type + stage_grouped + sact_over6weeks_before_studyentry + current_sact,NA
EP300,ENSG00000100393,0.96,0.69,1.35,8.21e-01,0.9585,EP300 + age_study_entry + sex + pc1-4,0.94,0.67,1.32,7.16e-01,EP300 + age_study_entry + sex + pc1-4 + disease_type + stage_grouped + sact_over6weeks_before_studyentry + current_sact,NA
ARHGAP24,ENSG00000138639,1.04,0.75,1.43,8.21e-01,0.9585,ARHGAP24 + age_study_entry + sex + pc1-4,1.07,0.78,1.48,6.72e-01,ARHGAP24 + age_study_entry + sex + pc1-4 + disease_type + stage_grouped + sact_over6weeks_before_studyentry + current_sact,"previously reported germline VTE locus in GWAS studies (Thibord et al, 2022)"
LATS2,ENSG00000150457,0.95,0.59,1.53,8.26e-01,0.9603,LATS2 + age_study_entry + sex + pc1-4,1.01,0.62,1.63,9.68e-01,LATS2 + age_study_entry + sex + pc1-4 + disease_type + stage_grouped + sact_over6weeks_before_studyentry + current_sact,NA
NTRK3,ENSG00000140538,0.96,0.66,1.39,8.27e-01,0.9603,NTRK3 + age_study_entry + sex + pc1-4,0.89,0.62,1.29,5.42e-01,NTRK3 + age_study_entry + sex + pc1-4 + disease_type + stage_grouped + sact_over6weeks_before_studyentry + current_sact,NA
WWOX,ENSG00000186153,1.03,0.80,1.32,8.28e-01,0.9603,WWOX + age_study_entry + sex + pc1-4,0.94,0.73,1.21,6.42e-01,WWOX + age_study_entry + sex + pc1-4 + disease_type + stage_grouped + sact_over6weeks_before_studyentry + current_sact,NA
NCOA2,ENSG00000140396,0.96,0.63,1.45,8.41e-01,0.9738,NCOA2 + age_study_entry + sex + pc1-4,0.91,0.60,1.38,6.52e-01,NCOA2 + age_study_entry + sex + pc1-4 + disease_type + stage_grouped + sact_over6weeks_before_studyentry + current_sact,NA
TRIM24,ENSG00000122779,1.05,0.63,1.75,8.43e-01,0.9741,TRIM24 + age_study_entry + sex + pc1-4,0.97,0.58,1.62,9.20e-01,TRIM24 + age_study_entry + sex + pc1-4 + disease_type + stage_grouped + sact_over6weeks_before_studyentry + current_sact,NA
RELN,ENSG00000189056,1.03,0.77,1.37,8.47e-01,0.9751,RELN + age_study_entry + sex + pc1-4,0.93,0.70,1.24,6.21e-01,RELN + age_study_entry + sex + pc1-4 + disease_type + stage_grouped + sact_over6weeks_before_studyentry + current_sact,"previously reported germline VTE locus in GWAS studies (He et al, 2024)"
MSI2,ENSG00000153944,1.04,0.70,1.53,8.50e-01,0.9751,MSI2 + age_study_entry + sex + pc1-4,0.98,0.66,1.45,9.14e-01,MSI2 + age_study_entry + sex + pc1-4 + disease_type + stage_grouped + sact_over6weeks_before_studyentry + current_sact,NA
ITGAV,ENSG00000138448,1.05,0.65,1.69,8.50e-01,0.9751,ITGAV + age_study_entry + sex + pc1-4,1.10,0.68,1.78,6.93e-01,ITGAV + age_study_entry + sex + pc1-4 + disease_type + stage_grouped + sact_over6weeks_before_studyentry + current_sact,NA
MDM2,ENSG00000135679,1.04,0.69,1.56,8.50e-01,0.9751,MDM2 + age_study_entry + sex + pc1-4,0.95,0.63,1.43,8.19e-01,MDM2 + age_study_entry + sex + pc1-4 + disease_type + stage_grouped + sact_over6weeks_before_studyentry + current_sact,NA
CBL,ENSG00000110395,0.95,0.55,1.64,8.52e-01,0.9751,CBL + age_study_entry + sex + pc1-4,0.93,0.54,1.61,7.97e-01,CBL + age_study_entry + sex + pc1-4 + disease_type + stage_grouped + sact_over6weeks_before_studyentry + current_sact,NA
ARNT,ENSG00000143437,1.05,0.61,1.82,8.54e-01,0.9751,ARNT + age_study_entry + sex + pc1-4,1.03,0.59,1.78,9.26e-01,ARNT + age_study_entry + sex + pc1-4 + disease_type + stage_grouped + sact_over6weeks_before_studyentry + current_sact,NA
FUBP1,ENSG00000162613,1.05,0.62,1.78,8.55e-01,0.9751,FUBP1 + age_study_entry + sex + pc1-4,0.90,0.53,1.54,7.11e-01,FUBP1 + age_study_entry + sex + pc1-4 + disease_type + stage_grouped + sact_over6weeks_before_studyentry + current_sact,NA
NLRP2,ENSG00000022556,0.94,0.51,1.76,8.58e-01,0.9757,NLRP2 + age_study_entry + sex + pc1-4,0.86,0.46,1.61,6.38e-01,NLRP2 + age_study_entry + sex + pc1-4 + disease_type + stage_grouped + sact_over6weeks_before_studyentry + current_sact,"previously reported germline VTE locus in GWAS studies (Lindstrom et al, 2019)"
TFE3,ENSG00000068323,1.05,0.62,1.78,8.59e-01,0.9757,TFE3 + age_study_entry + sex + pc1-4,1.24,0.73,2.11,4.27e-01,TFE3 + age_study_entry + sex + pc1-4 + disease_type + stage_grouped + sact_over6weeks_before_studyentry + current_sact,NA
STK11,ENSG00000118046,1.04,0.67,1.60,8.62e-01,0.9779,STK11 + age_study_entry + sex + pc1-4,0.96,0.62,1.49,8.46e-01,STK11 + age_study_entry + sex + pc1-4 + disease_type + stage_grouped + sact_over6weeks_before_studyentry + current_sact,"previosly reported somatic VTE locus in cancer studies (Dunbar et al, 2021)"
ZBTB16,ENSG00000109906,0.95,0.54,1.68,8.64e-01,0.9779,ZBTB16 + age_study_entry + sex + pc1-4,0.95,0.54,1.67,8.50e-01,ZBTB16 + age_study_entry + sex + pc1-4 + disease_type + stage_grouped + sact_over6weeks_before_studyentry + current_sact,"previously reported germline VTE locus in GWAS studies (Thibord et al, 2022)"
PIK3R2,ENSG00000105647,0.95,0.53,1.72,8.70e-01,0.9788,PIK3R2 + age_study_entry + sex + pc1-4,0.96,0.53,1.74,8.89e-01,PIK3R2 + age_study_entry + sex + pc1-4 + disease_type + stage_grouped + sact_over6weeks_before_studyentry + current_sact,NA
RSPO3,ENSG00000146374,1.05,0.56,1.96,8.71e-01,0.9788,RSPO3 + age_study_entry + sex + pc1-4,0.99,0.53,1.85,9.79e-01,RSPO3 + age_study_entry + sex + pc1-4 + disease_type + stage_grouped + sact_over6weeks_before_studyentry + current_sact,NA
LARP4B,ENSG00000107929,0.97,0.66,1.42,8.72e-01,0.9788,LARP4B + age_study_entry + sex + pc1-4,1.05,0.71,1.54,8.03e-01,LARP4B + age_study_entry + sex + pc1-4 + disease_type + stage_grouped + sact_over6weeks_before_studyentry + current_sact,NA
RUNX1,ENSG00000159216,0.97,0.71,1.34,8.72e-01,0.9788,RUNX1 + age_study_entry + sex + pc1-4,1.00,0.72,1.38,9.87e-01,RUNX1 + age_study_entry + sex + pc1-4 + disease_type + stage_grouped + sact_over6weeks_before_studyentry + current_sact,NA
MAP2K4,ENSG00000065559,0.97,0.66,1.42,8.74e-01,0.9788,MAP2K4 + age_study_entry + sex + pc1-4,1.02,0.69,1.49,9.36e-01,MAP2K4 + age_study_entry + sex + pc1-4 + disease_type + stage_grouped + sact_over6weeks_before_studyentry + current_sact,"previously reported germline VTE locus in GWAS studies (He et al, 2024)"
GNAS,ENSG00000087460,1.04,0.64,1.68,8.77e-01,0.9788,GNAS + age_study_entry + sex + pc1-4,1.07,0.66,1.73,7.93e-01,GNAS + age_study_entry + sex + pc1-4 + disease_type + stage_grouped + sact_over6weeks_before_studyentry + current_sact,NA
PROS1,ENSG00000184500,1.04,0.62,1.77,8.78e-01,0.9788,PROS1 + age_study_entry + sex + pc1-4,1.02,0.60,1.74,9.31e-01,PROS1 + age_study_entry + sex + pc1-4 + disease_type + stage_grouped + sact_over6weeks_before_studyentry + current_sact,"previously reported germline VTE locus in GWAS studies (Thibord et al, 2022; Ghouse et al, 2023; He et al, 2024)"
FLCN,ENSG00000154803,0.96,0.60,1.54,8.79e-01,0.9788,FLCN + age_study_entry + sex + pc1-4,1.00,0.62,1.59,9.87e-01,FLCN + age_study_entry + sex + pc1-4 + disease_type + stage_grouped + sact_over6weeks_before_studyentry + current_sact,NA
SETD1A,ENSG00000099381,1.04,0.63,1.70,8.81e-01,0.9788,SETD1A + age_study_entry + sex + pc1-4,1.15,0.70,1.89,5.88e-01,SETD1A + age_study_entry + sex + pc1-4 + disease_type + stage_grouped + sact_over6weeks_before_studyentry + current_sact,"previously reported germline VTE locus in GWAS studies (Ghouse et al, 2023)"
FANCA,ENSG00000187741,1.04,0.59,1.85,8.81e-01,0.9788,FANCA + age_study_entry + sex + pc1-4,0.92,0.52,1.62,7.70e-01,FANCA + age_study_entry + sex + pc1-4 + disease_type + stage_grouped + sact_over6weeks_before_studyentry + current_sact,NA
ROS1,ENSG00000047936,0.97,0.62,1.50,8.82e-01,0.9788,ROS1 + age_study_entry + sex + pc1-4,0.85,0.54,1.32,4.66e-01,ROS1 + age_study_entry + sex + pc1-4 + disease_type + stage_grouped + sact_over6weeks_before_studyentry + current_sact,"previosly reported somatic VTE locus in cancer studies (Lanting et al, 2025)"
PICALM,ENSG00000073921,0.96,0.51,1.78,8.91e-01,0.9821,PICALM + age_study_entry + sex + pc1-4,0.87,0.47,1.62,6.63e-01,PICALM + age_study_entry + sex + pc1-4 + disease_type + stage_grouped + sact_over6weeks_before_studyentry + current_sact,NA
EZH2,ENSG00000106462,1.03,0.68,1.56,8.91e-01,0.9821,EZH2 + age_study_entry + sex + pc1-4,0.98,0.65,1.48,9.15e-01,EZH2 + age_study_entry + sex + pc1-4 + disease_type + stage_grouped + sact_over6weeks_before_studyentry + current_sact,NA
NKAIN2,ENSG00000188580,0.99,0.82,1.19,8.92e-01,0.9821,NKAIN2 + age_study_entry + sex + pc1-4,0.95,0.79,1.15,5.98e-01,NKAIN2 + age_study_entry + sex + pc1-4 + disease_type + stage_grouped + sact_over6weeks_before_studyentry + current_sact,NA
KIT,ENSG00000157404,1.03,0.65,1.65,8.92e-01,0.9821,KIT + age_study_entry + sex + pc1-4,0.93,0.58,1.49,7.61e-01,KIT + age_study_entry + sex + pc1-4 + disease_type + stage_grouped + sact_over6weeks_before_studyentry + current_sact,NA
ERBB4,ENSG00000178568,0.98,0.78,1.25,8.98e-01,0.9841,ERBB4 + age_study_entry + sex + pc1-4,0.95,0.75,1.21,6.81e-01,ERBB4 + age_study_entry + sex + pc1-4 + disease_type + stage_grouped + sact_over6weeks_before_studyentry + current_sact,NA
KDR,ENSG00000128052,1.03,0.65,1.62,8.98e-01,0.9841,KDR + age_study_entry + sex + pc1-4,0.98,0.62,1.55,9.35e-01,KDR + age_study_entry + sex + pc1-4 + disease_type + stage_grouped + sact_over6weeks_before_studyentry + current_sact,NA
EPHA3,ENSG00000044524,1.02,0.76,1.36,9.02e-01,0.9841,EPHA3 + age_study_entry + sex + pc1-4,1.01,0.76,1.36,9.30e-01,EPHA3 + age_study_entry + sex + pc1-4 + disease_type + stage_grouped + sact_over6weeks_before_studyentry + current_sact,"previously reported germline VTE locus in GWAS studies (Thibord et al, 2022)"
CPS1,ENSG00000021826,0.97,0.63,1.51,9.04e-01,0.9841,CPS1 + age_study_entry + sex + pc1-4,0.90,0.58,1.40,6.30e-01,CPS1 + age_study_entry + sex + pc1-4 + disease_type + stage_grouped + sact_over6weeks_before_studyentry + current_sact,"previously reported germline VTE locus in GWAS studies (Thibord et al, 2022; Ghouse et al, 2023)"
ITGA8,ENSG00000077943,0.98,0.76,1.28,9.05e-01,0.9841,ITGA8 + age_study_entry + sex + pc1-4,0.97,0.74,1.25,7.92e-01,ITGA8 + age_study_entry + sex + pc1-4 + disease_type + stage_grouped + sact_over6weeks_before_studyentry + current_sact,NA
CNBD1,ENSG00000176571,1.01,0.80,1.28,9.09e-01,0.9841,CNBD1 + age_study_entry + sex + pc1-4,0.95,0.75,1.21,6.88e-01,CNBD1 + age_study_entry + sex + pc1-4 + disease_type + stage_grouped + sact_over6weeks_before_studyentry + current_sact,NA
BAP1,ENSG00000163930,1.02,0.67,1.58,9.12e-01,0.9841,BAP1 + age_study_entry + sex + pc1-4,1.07,0.69,1.66,7.61e-01,BAP1 + age_study_entry + sex + pc1-4 + disease_type + stage_grouped + sact_over6weeks_before_studyentry + current_sact,NA
RAD51C,ENSG00000108384,1.04,0.56,1.93,9.13e-01,0.9841,RAD51C + age_study_entry + sex + pc1-4,1.00,0.53,1.86,9.89e-01,RAD51C + age_study_entry + sex + pc1-4 + disease_type + stage_grouped + sact_over6weeks_before_studyentry + current_sact,NA
CDH17,ENSG00000079112,0.97,0.52,1.80,9.14e-01,0.9841,CDH17 + age_study_entry + sex + pc1-4,0.94,0.51,1.76,8.54e-01,CDH17 + age_study_entry + sex + pc1-4 + disease_type + stage_grouped + sact_over6weeks_before_studyentry + current_sact,NA
SGK1,ENSG00000118515,1.03,0.57,1.87,9.17e-01,0.9841,SGK1 + age_study_entry + sex + pc1-4,0.97,0.54,1.76,9.25e-01,SGK1 + age_study_entry + sex + pc1-4 + disease_type + stage_grouped + sact_over6weeks_before_studyentry + current_sact,NA
AKT3,ENSG00000117020,0.98,0.63,1.51,9.17e-01,0.9841,AKT3 + age_study_entry + sex + pc1-4,0.93,0.60,1.43,7.26e-01,AKT3 + age_study_entry + sex + pc1-4 + disease_type + stage_grouped + sact_over6weeks_before_studyentry + current_sact,"previously reported germline VTE locus in GWAS studies (Ghouse et al, 2023)"
ZEB1,ENSG00000148516,1.02,0.66,1.59,9.17e-01,0.9841,ZEB1 + age_study_entry + sex + pc1-4,0.91,0.58,1.41,6.63e-01,ZEB1 + age_study_entry + sex + pc1-4 + disease_type + stage_grouped + sact_over6weeks_before_studyentry + current_sact,NA
FAM168A,ENSG00000054965,1.03,0.64,1.66,9.17e-01,0.9841,FAM168A + age_study_entry + sex + pc1-4,1.02,0.63,1.64,9.47e-01,FAM168A + age_study_entry + sex + pc1-4 + disease_type + stage_grouped + sact_over6weeks_before_studyentry + current_sact,"previously reported germline VTE locus in GWAS studies (Thibord et al, 2022)"
NFIB,ENSG00000147862,1.02,0.64,1.63,9.21e-01,0.9841,NFIB + age_study_entry + sex + pc1-4,0.90,0.56,1.43,6.45e-01,NFIB + age_study_entry + sex + pc1-4 + disease_type + stage_grouped + sact_over6weeks_before_studyentry + current_sact,NA
FTO,ENSG00000140718,0.98,0.63,1.52,9.22e-01,0.9841,FTO + age_study_entry + sex + pc1-4,1.02,0.65,1.58,9.45e-01,FTO + age_study_entry + sex + pc1-4 + disease_type + stage_grouped + sact_over6weeks_before_studyentry + current_sact,"previously reported germline VTE locus in GWAS studies (Ghouse et al, 2023)"
NRG3,ENSG00000185737,1.01,0.79,1.30,9.25e-01,0.9841,NRG3 + age_study_entry + sex + pc1-4,0.92,0.72,1.19,5.28e-01,NRG3 + age_study_entry + sex + pc1-4 + disease_type + stage_grouped + sact_over6weeks_before_studyentry + current_sact,NA
LRRC4C,ENSG00000148948,1.01,0.80,1.29,9.26e-01,0.9841,LRRC4C + age_study_entry + sex + pc1-4,0.90,0.70,1.14,3.78e-01,LRRC4C + age_study_entry + sex + pc1-4 + disease_type + stage_grouped + sact_over6weeks_before_studyentry + current_sact,NA
AKT1,ENSG00000142208,0.98,0.65,1.47,9.26e-01,0.9841,AKT1 + age_study_entry + sex + pc1-4,1.12,0.75,1.69,5.79e-01,AKT1 + age_study_entry + sex + pc1-4 + disease_type + stage_grouped + sact_over6weeks_before_studyentry + current_sact,NA
KAT7,ENSG00000136504,1.03,0.55,1.92,9.28e-01,0.9841,KAT7 + age_study_entry + sex + pc1-4,0.98,0.52,1.83,9.45e-01,KAT7 + age_study_entry + sex + pc1-4 + disease_type + stage_grouped + sact_over6weeks_before_studyentry + current_sact,NA
CARMIL1,ENSG00000079691,1.02,0.68,1.51,9.30e-01,0.9841,CARMIL1 + age_study_entry + sex + pc1-4,0.88,0.59,1.31,5.40e-01,CARMIL1 + age_study_entry + sex + pc1-4 + disease_type + stage_grouped + sact_over6weeks_before_studyentry + current_sact,"previously reported germline VTE locus in GWAS studies (Thibord et al, 2022; Ghouse et al, 2023)"
STRN,ENSG00000115808,1.03,0.57,1.86,9.30e-01,0.9841,STRN + age_study_entry + sex + pc1-4,0.99,0.55,1.80,9.83e-01,STRN + age_study_entry + sex + pc1-4 + disease_type + stage_grouped + sact_over6weeks_before_studyentry + current_sact,NA
CNTNAP5,ENSG00000155052,1.01,0.79,1.28,9.32e-01,0.9841,CNTNAP5 + age_study_entry + sex + pc1-4,0.93,0.73,1.19,5.61e-01,CNTNAP5 + age_study_entry + sex + pc1-4 + disease_type + stage_grouped + sact_over6weeks_before_studyentry + current_sact,NA
NRXN1,ENSG00000179915,1.01,0.80,1.28,9.33e-01,0.9841,NRXN1 + age_study_entry + sex + pc1-4,0.94,0.74,1.20,6.36e-01,NRXN1 + age_study_entry + sex + pc1-4 + disease_type + stage_grouped + sact_over6weeks_before_studyentry + current_sact,NA
CTCF,ENSG00000102974,1.01,0.73,1.41,9.33e-01,0.9841,CTCF + age_study_entry + sex + pc1-4,1.11,0.79,1.57,5.56e-01,CTCF + age_study_entry + sex + pc1-4 + disease_type + stage_grouped + sact_over6weeks_before_studyentry + current_sact,NA
CASP8,ENSG00000064012,1.02,0.69,1.50,9.34e-01,0.9841,CASP8 + age_study_entry + sex + pc1-4,1.04,0.70,1.54,8.45e-01,CASP8 + age_study_entry + sex + pc1-4 + disease_type + stage_grouped + sact_over6weeks_before_studyentry + current_sact,NA
MSH6,ENSG00000116062,0.99,0.69,1.40,9.38e-01,0.9853,MSH6 + age_study_entry + sex + pc1-4,1.04,0.72,1.48,8.44e-01,MSH6 + age_study_entry + sex + pc1-4 + disease_type + stage_grouped + sact_over6weeks_before_studyentry + current_sact,NA
SNX29,ENSG00000048471,1.01,0.75,1.37,9.40e-01,0.9853,SNX29 + age_study_entry + sex + pc1-4,0.95,0.70,1.28,7.25e-01,SNX29 + age_study_entry + sex + pc1-4 + disease_type + stage_grouped + sact_over6weeks_before_studyentry + current_sact,NA
NUP98,ENSG00000110713,0.98,0.61,1.58,9.40e-01,0.9853,NUP98 + age_study_entry + sex + pc1-4,0.96,0.59,1.55,8.53e-01,NUP98 + age_study_entry + sex + pc1-4 + disease_type + stage_grouped + sact_over6weeks_before_studyentry + current_sact,NA
SSX1,ENSG00000126752,0.98,0.59,1.63,9.43e-01,0.9865,SSX1 + age_study_entry + sex + pc1-4,1.01,0.61,1.68,9.69e-01,SSX1 + age_study_entry + sex + pc1-4 + disease_type + stage_grouped + sact_over6weeks_before_studyentry + current_sact,NA
BCL2,ENSG00000171791,1.02,0.58,1.80,9.47e-01,0.9883,BCL2 + age_study_entry + sex + pc1-4,1.04,0.59,1.84,8.84e-01,BCL2 + age_study_entry + sex + pc1-4 + disease_type + stage_grouped + sact_over6weeks_before_studyentry + current_sact,NA
PRKD1,ENSG00000184304,0.99,0.65,1.50,9.49e-01,0.9883,PRKD1 + age_study_entry + sex + pc1-4,0.87,0.57,1.32,5.04e-01,PRKD1 + age_study_entry + sex + pc1-4 + disease_type + stage_grouped + sact_over6weeks_before_studyentry + current_sact,NA
ARHGAP6,ENSG00000047648,0.99,0.65,1.51,9.55e-01,0.9883,ARHGAP6 + age_study_entry + sex + pc1-4,0.92,0.60,1.41,7.10e-01,ARHGAP6 + age_study_entry + sex + pc1-4 + disease_type + stage_grouped + sact_over6weeks_before_studyentry + current_sact,"previously reported germline VTE locus in GWAS studies (Thibord et al, 2022)"
HOOK3,ENSG00000168172,1.01,0.66,1.54,9.59e-01,0.9883,HOOK3 + age_study_entry + sex + pc1-4,0.95,0.62,1.44,7.98e-01,HOOK3 + age_study_entry + sex + pc1-4 + disease_type + stage_grouped + sact_over6weeks_before_studyentry + current_sact,NA
HMGA2,ENSG00000149948,0.99,0.59,1.64,9.61e-01,0.9883,HMGA2 + age_study_entry + sex + pc1-4,0.84,0.50,1.41,5.07e-01,HMGA2 + age_study_entry + sex + pc1-4 + disease_type + stage_grouped + sact_over6weeks_before_studyentry + current_sact,NA
BCL11B,ENSG00000127152,1.01,0.63,1.61,9.62e-01,0.9883,BCL11B + age_study_entry + sex + pc1-4,0.94,0.59,1.50,7.84e-01,BCL11B + age_study_entry + sex + pc1-4 + disease_type + stage_grouped + sact_over6weeks_before_studyentry + current_sact,NA
KIF26B,ENSG00000162849,1.01,0.79,1.28,9.65e-01,0.9883,KIF26B + age_study_entry + sex + pc1-4,1.01,0.79,1.28,9.41e-01,KIF26B + age_study_entry + sex + pc1-4 + disease_type + stage_grouped + sact_over6weeks_before_studyentry + current_sact,NA
EXT2,ENSG00000151348,0.99,0.53,1.84,9.66e-01,0.9883,EXT2 + age_study_entry + sex + pc1-4,0.85,0.45,1.58,6.06e-01,EXT2 + age_study_entry + sex + pc1-4 + disease_type + stage_grouped + sact_over6weeks_before_studyentry + current_sact,NA
ADGRV1,ENSG00000164199,0.99,0.77,1.29,9.66e-01,0.9883,ADGRV1 + age_study_entry + sex + pc1-4,1.03,0.79,1.33,8.37e-01,ADGRV1 + age_study_entry + sex + pc1-4 + disease_type + stage_grouped + sact_over6weeks_before_studyentry + current_sact,NA
VTI1A,ENSG00000151532,0.99,0.57,1.71,9.67e-01,0.9883,VTI1A + age_study_entry + sex + pc1-4,0.95,0.55,1.64,8.57e-01,VTI1A + age_study_entry + sex + pc1-4 + disease_type + stage_grouped + sact_over6weeks_before_studyentry + current_sact,NA
CTNNA2,ENSG00000066032,1.00,0.82,1.24,9.69e-01,0.9883,CTNNA2 + age_study_entry + sex + pc1-4,0.96,0.78,1.18,7.09e-01,CTNNA2 + age_study_entry + sex + pc1-4 + disease_type + stage_grouped + sact_over6weeks_before_studyentry + current_sact,NA
DDX10,ENSG00000178105,1.01,0.64,1.59,9.71e-01,0.9883,DDX10 + age_study_entry + sex + pc1-4,1.04,0.66,1.63,8.76e-01,DDX10 + age_study_entry + sex + pc1-4 + disease_type + stage_grouped + sact_over6weeks_before_studyentry + current_sact,NA
GNAQ,ENSG00000156052,0.99,0.57,1.71,9.71e-01,0.9883,GNAQ + age_study_entry + sex + pc1-4,0.85,0.49,1.48,5.73e-01,GNAQ + age_study_entry + sex + pc1-4 + disease_type + stage_grouped + sact_over6weeks_before_studyentry + current_sact,NA
CUL3,ENSG00000036257,1.01,0.58,1.74,9.72e-01,0.9883,CUL3 + age_study_entry + sex + pc1-4,1.01,0.58,1.74,9.81e-01,CUL3 + age_study_entry + sex + pc1-4 + disease_type + stage_grouped + sact_over6weeks_before_studyentry + current_sact,NA
STARD13,ENSG00000133121,1.00,0.77,1.29,9.74e-01,0.9883,STARD13 + age_study_entry + sex + pc1-4,1.01,0.78,1.31,9.30e-01,STARD13 + age_study_entry + sex + pc1-4 + disease_type + stage_grouped + sact_over6weeks_before_studyentry + current_sact,NA
TSHR,ENSG00000165409,0.99,0.53,1.85,9.75e-01,0.9883,TSHR + age_study_entry + sex + pc1-4,0.97,0.52,1.82,9.32e-01,TSHR + age_study_entry + sex + pc1-4 + disease_type + stage_grouped + sact_over6weeks_before_studyentry + current_sact,NA
AXIN1,ENSG00000103126,0.99,0.66,1.50,9.75e-01,0.9883,AXIN1 + age_study_entry + sex + pc1-4,0.99,0.66,1.50,9.77e-01,AXIN1 + age_study_entry + sex + pc1-4 + disease_type + stage_grouped + sact_over6weeks_before_studyentry + current_sact,NA
KCNB2,ENSG00000182674,1.00,0.78,1.28,9.76e-01,0.9883,KCNB2 + age_study_entry + sex + pc1-4,0.95,0.74,1.22,6.76e-01,KCNB2 + age_study_entry + sex + pc1-4 + disease_type + stage_grouped + sact_over6weeks_before_studyentry + current_sact,NA
NCOA1,ENSG00000084676,0.99,0.56,1.75,9.78e-01,0.9883,NCOA1 + age_study_entry + sex + pc1-4,0.89,0.50,1.57,6.88e-01,NCOA1 + age_study_entry + sex + pc1-4 + disease_type + stage_grouped + sact_over6weeks_before_studyentry + current_sact,NA
RIMS2,ENSG00000176406,1.00,0.78,1.29,9.78e-01,0.9883,RIMS2 + age_study_entry + sex + pc1-4,0.91,0.71,1.17,4.57e-01,RIMS2 + age_study_entry + sex + pc1-4 + disease_type + stage_grouped + sact_over6weeks_before_studyentry + current_sact,NA
FLT3,ENSG00000122025,0.99,0.65,1.52,9.79e-01,0.9883,FLT3 + age_study_entry + sex + pc1-4,0.99,0.65,1.52,9.73e-01,FLT3 + age_study_entry + sex + pc1-4 + disease_type + stage_grouped + sact_over6weeks_before_studyentry + current_sact,NA
PLCE1,ENSG00000138193,0.99,0.62,1.58,9.82e-01,0.9900,PLCE1 + age_study_entry + sex + pc1-4,0.94,0.59,1.50,7.92e-01,PLCE1 + age_study_entry + sex + pc1-4 + disease_type + stage_grouped + sact_over6weeks_before_studyentry + current_sact,"previously reported germline VTE locus in GWAS studies (Thibord et al, 2022; Ghouse et al, 2023)"
PTPRK,ENSG00000152894,1.00,0.74,1.35,9.84e-01,0.9900,PTPRK + age_study_entry + sex + pc1-4,0.96,0.71,1.29,7.65e-01,PTPRK + age_study_entry + sex + pc1-4 + disease_type + stage_grouped + sact_over6weeks_before_studyentry + current_sact,NA
MSH2,ENSG00000095002,1.00,0.59,1.70,9.97e-01,0.9998,MSH2 + age_study_entry + sex + pc1-4,1.00,0.59,1.70,9.96e-01,MSH2 + age_study_entry + sex + pc1-4 + disease_type + stage_grouped + sact_over6weeks_before_studyentry + current_sact,NA
AK5,ENSG00000154027,1.00,0.65,1.54,9.97e-01,0.9998,AK5 + age_study_entry + sex + pc1-4,0.95,0.62,1.47,8.33e-01,AK5 + age_study_entry + sex + pc1-4 + disease_type + stage_grouped + sact_over6weeks_before_studyentry + current_sact,"previously reported germline VTE locus in GWAS studies (Thibord et al, 2022)"
FGFR1,ENSG00000077782,1.00,0.65,1.54,9.99e-01,0.9998,FGFR1 + age_study_entry + sex + pc1-4,0.94,0.61,1.45,7.85e-01,FGFR1 + age_study_entry + sex + pc1-4 + disease_type + stage_grouped + sact_over6weeks_before_studyentry + current_sact,NA
ARHGEF10L,ENSG00000074964,1.00,0.58,1.73,1.00e+00,0.9998,ARHGEF10L + age_study_entry + sex + pc1-4,0.95,0.55,1.64,8.52e-01,ARHGEF10L + age_study_entry + sex + pc1-4 + disease_type + stage_grouped + sact_over6weeks_before_studyentry + current_sact,NA
